100,1,SA,0.40061633281972264,0.01848191
100,2,SA,0.3975346687211094,0.020079749
100,3,SA,0.39599383667180277,0.017410469
100,4,SA,0.39599383667180277,0.019285267
100,5,SA,0.39599383667180277,0.018517173
100,6,SA,0.3975346687211094,0.017563361
100,7,SA,0.3975346687211094,0.019902698
100,8,SA,0.39599383667180277,0.01748821
100,9,SA,0.39599383667180277,0.017806613
100,10,SA,0.39445300462249616,0.017643581
100,11,SA,0.39445300462249616,0.01795117
100,12,SA,0.3975346687211094,0.017665634
100,13,SA,0.3975346687211094,0.017949748
100,14,SA,0.3975346687211094,0.017622299
100,15,SA,0.39907550077041604,0.017340368
100,16,SA,0.39907550077041604,0.018421766
100,17,SA,0.3975346687211094,0.017451854
100,18,SA,0.40061633281972264,0.018097681
100,19,SA,0.3929121725731895,0.017218306
100,20,SA,0.3929121725731895,0.018277333
100,21,SA,0.39445300462249616,0.016713723
100,22,SA,0.39599383667180277,0.018818718
100,23,SA,0.3975346687211094,0.017577532
100,24,SA,0.39907550077041604,0.021132623
100,25,SA,0.39907550077041604,0.019376422
100,26,SA,0.39907550077041604,0.017672368
100,27,SA,0.39907550077041604,0.018133471
100,28,SA,0.39599383667180277,0.016591769
100,29,SA,0.39599383667180277,0.019438985
100,30,SA,0.3975346687211094,0.017896379
100,31,SA,0.39445300462249616,0.018187064
100,32,SA,0.39445300462249616,0.017778903
100,33,SA,0.39445300462249616,0.017058633
100,34,SA,0.39599383667180277,0.01857651
100,35,SA,0.39599383667180277,0.018790186
100,36,SA,0.39599383667180277,0.018872686
100,37,SA,0.3929121725731895,0.019325854
100,38,SA,0.3929121725731895,0.017427998
100,39,SA,0.3929121725731895,0.017581502
100,40,SA,0.3929121725731895,0.018824126
100,41,SA,0.3975346687211094,0.018343913
100,42,SA,0.39907550077041604,0.018616172
100,43,SA,0.3975346687211094,0.017936585
100,44,SA,0.3975346687211094,0.020318257
100,45,SA,0.3975346687211094,0.017412613
100,46,SA,0.3975346687211094,0.023101913
100,47,SA,0.3975346687211094,0.018135956
100,48,SA,0.3975346687211094,0.018249789
100,49,SA,0.3975346687211094,0.017745295
100,50,SA,0.3975346687211094,0.019191763
100,51,SA,0.3975346687211094,0.017918746
100,52,SA,0.39445300462249616,0.018547822
100,53,SA,0.39445300462249616,0.017545219
100,54,SA,0.39445300462249616,0.017898267
100,55,SA,0.39445300462249616,0.01748555
100,56,SA,0.39445300462249616,0.016891623
100,57,SA,0.39445300462249616,0.017623069
100,58,SA,0.39445300462249616,0.017972
100,59,SA,0.39445300462249616,0.017348641
100,60,SA,0.39445300462249616,0.017421137
100,61,SA,0.39599383667180277,0.018340968
100,62,SA,0.39599383667180277,0.018141858
100,63,SA,0.39599383667180277,0.017209781
100,64,SA,0.39599383667180277,0.017163933
100,65,SA,0.3975346687211094,0.016746409
100,66,SA,0.3975346687211094,0.016688339
100,67,SA,0.39907550077041604,0.017374372
100,68,SA,0.39907550077041604,0.018117692
100,69,SA,0.39907550077041604,0.018232622
100,70,SA,0.3975346687211094,0.017855681
100,71,SA,0.3975346687211094,0.016733464
100,72,SA,0.3975346687211094,0.016901728
100,73,SA,0.3975346687211094,0.019631132
100,74,SA,0.39599383667180277,0.017382476
100,75,SA,0.39445300462249616,0.016671862
100,76,SA,0.39445300462249616,0.017070916
100,77,SA,0.40061633281972264,0.018584741
100,78,SA,0.40061633281972264,0.018406649
100,79,SA,0.40061633281972264,0.018275727
100,80,SA,0.40061633281972264,0.016907367
100,81,SA,0.40061633281972264,0.017903226
100,82,SA,0.40061633281972264,0.01782363
100,83,SA,0.40061633281972264,0.018386748
100,84,SA,0.4422187981510015,0.016863876
100,85,SA,0.4422187981510015,0.018312165
100,86,SA,0.4422187981510015,0.018216504
100,87,SA,0.4453004622496148,0.017562961
100,88,SA,0.44684129429892144,0.01686803
100,89,SA,0.44684129429892144,0.01814363
100,90,SA,0.4453004622496148,0.016883402
100,91,SA,0.4453004622496148,0.018460239
100,92,SA,0.4453004622496148,0.017607927
100,93,SA,0.44992295839753466,0.017292895
100,94,SA,0.4514637904468413,0.018460396
100,95,SA,0.45454545454545453,0.017560893
100,96,SA,0.45454545454545453,0.018029459
100,97,SA,0.45454545454545453,0.017086565
100,98,SA,0.45454545454545453,0.019260392
100,99,SA,0.4530046224961479,0.018537742
100,100,SA,0.4699537750385208,0.018110114
100,101,SA,0.4699537750385208,0.01733271
100,102,SA,0.4699537750385208,0.018773613
100,103,SA,0.4714946070878274,0.018443958
100,104,SA,0.47303543913713403,0.018300452
100,105,SA,0.4745762711864407,0.018125402
100,106,SA,0.4745762711864407,0.017895268
100,107,SA,0.4776579352850539,0.017347819
100,108,SA,0.4776579352850539,0.017913695
100,109,SA,0.4714946070878274,0.017294745
100,110,SA,0.4714946070878274,0.019312079
100,111,SA,0.4714946070878274,0.018409946
100,112,SA,0.4714946070878274,0.018499105
100,113,SA,0.4714946070878274,0.018027234
100,114,SA,0.4714946070878274,0.022844522
100,115,SA,0.4714946070878274,0.018740156
100,116,SA,0.4714946070878274,0.018630767
100,117,SA,0.4714946070878274,0.020334835
100,118,SA,0.4714946070878274,0.018091098
100,119,SA,0.4761171032357473,0.021436813
100,120,SA,0.48228043143297383,0.021486059
100,121,SA,0.48228043143297383,0.017099872
100,122,SA,0.48382126348228044,0.018713461
100,123,SA,0.48382126348228044,0.017709199
100,124,SA,0.47303543913713403,0.01746503
100,125,SA,0.46533127889060094,0.018207265
100,126,SA,0.46533127889060094,0.017496143
100,127,SA,0.46533127889060094,0.018586895
100,128,SA,0.46533127889060094,0.017735473
100,129,SA,0.46533127889060094,0.018584449
100,130,SA,0.46533127889060094,0.018766648
100,131,SA,0.46533127889060094,0.017716404
100,132,SA,0.46533127889060094,0.017605895
100,133,SA,0.4714946070878274,0.017616208
100,134,SA,0.4714946070878274,0.018835033
100,135,SA,0.4714946070878274,0.017820237
100,136,SA,0.46687211093990755,0.018202461
100,137,SA,0.46687211093990755,0.018740258
100,138,SA,0.46841294298921415,0.019914534
100,139,SA,0.46841294298921415,0.019115701
100,140,SA,0.4714946070878274,0.018082377
100,141,SA,0.4714946070878274,0.018842476
100,142,SA,0.47303543913713403,0.01891398
100,143,SA,0.46070878274268107,0.017541095
100,144,SA,0.4591679506933744,0.019331395
100,145,SA,0.46070878274268107,0.018977828
100,146,SA,0.46070878274268107,0.018551636
100,147,SA,0.4576271186440678,0.017953409
100,148,SA,0.4576271186440678,0.018458242
100,149,SA,0.4699537750385208,0.019173235
100,150,SA,0.46533127889060094,0.018920962
100,151,SA,0.46533127889060094,0.019532162
100,152,SA,0.46533127889060094,0.019632882
100,153,SA,0.46533127889060094,0.021155918
100,154,SA,0.47303543913713403,0.018507238
100,155,SA,0.47303543913713403,0.019802676
100,156,SA,0.4637904468412943,0.021709868
100,157,SA,0.4622496147919877,0.020589864
100,158,SA,0.4622496147919877,0.020531447
100,159,SA,0.4622496147919877,0.017606034
100,160,SA,0.46070878274268107,0.022603082
100,161,SA,0.46070878274268107,0.022814686
100,162,SA,0.4560862865947612,0.020034876
100,163,SA,0.4776579352850539,0.019818717
100,164,SA,0.4776579352850539,0.020043768
100,165,SA,0.4776579352850539,0.019072642
100,166,SA,0.4776579352850539,0.019487388
100,167,SA,0.4776579352850539,0.019893433
100,168,SA,0.4776579352850539,0.019762386
100,169,SA,0.4776579352850539,0.018586134
100,170,SA,0.48382126348228044,0.021059364
100,171,SA,0.48382126348228044,0.018913066
100,172,SA,0.48382126348228044,0.019309197
100,173,SA,0.48382126348228044,0.019987119
100,174,SA,0.47919876733436056,0.020001089
100,175,SA,0.47919876733436056,0.021055792
100,176,SA,0.47919876733436056,0.021496898
100,177,SA,0.47919876733436056,0.019230145
100,178,SA,0.4899845916795069,0.020701933
100,179,SA,0.4884437596302003,0.021043038
100,180,SA,0.4884437596302003,0.023161166
100,181,SA,0.4884437596302003,0.019823891
100,182,SA,0.4899845916795069,0.018811734
100,183,SA,0.4899845916795069,0.021762607
100,184,SA,0.4699537750385208,0.021921749
100,185,SA,0.4699537750385208,0.022973255
100,186,SA,0.4699537750385208,0.021552915
100,187,SA,0.4699537750385208,0.021287316
100,188,SA,0.4622496147919877,0.021007461
100,189,SA,0.4622496147919877,0.020432524
100,190,SA,0.46533127889060094,0.01922232
100,191,SA,0.4637904468412943,0.020930919
100,192,SA,0.4637904468412943,0.017640673
100,193,SA,0.46070878274268107,0.019727609
100,194,SA,0.46070878274268107,0.019775848
100,195,SA,0.46070878274268107,0.018568677
100,196,SA,0.4637904468412943,0.021776326
100,197,SA,0.4637904468412943,0.020289218
100,198,SA,0.46070878274268107,0.020520596
100,199,SA,0.4530046224961479,0.02030963
100,200,SA,0.4530046224961479,0.020442713
100,201,SA,0.4530046224961479,0.021306833
100,202,SA,0.4530046224961479,0.018245908
100,203,SA,0.4530046224961479,0.020074805
100,204,SA,0.45454545454545453,0.019938223
100,205,SA,0.45454545454545453,0.019512245
100,206,SA,0.45454545454545453,0.018629885
100,207,SA,0.45454545454545453,0.019939483
100,208,SA,0.45454545454545453,0.023066954
100,209,SA,0.45454545454545453,0.021816624
100,210,SA,0.4560862865947612,0.024873234
100,211,SA,0.4591679506933744,0.020236795
100,212,SA,0.4591679506933744,0.021127521
100,213,SA,0.4591679506933744,0.021543072
100,214,SA,0.46070878274268107,0.021514426
100,215,SA,0.46070878274268107,0.020900664
100,216,SA,0.46070878274268107,0.019798864
100,217,SA,0.46070878274268107,0.020450591
100,218,SA,0.46687211093990755,0.018985295
100,219,SA,0.46841294298921415,0.021462649
100,220,SA,0.46841294298921415,0.019234428
100,221,SA,0.46841294298921415,0.019509203
100,222,SA,0.4761171032357473,0.022575083
100,223,SA,0.4761171032357473,0.021699422
100,224,SA,0.4761171032357473,0.018557029
100,225,SA,0.4699537750385208,0.022851547
100,226,SA,0.4699537750385208,0.019521676
100,227,SA,0.4699537750385208,0.020174179
100,228,SA,0.4699537750385208,0.017592322
100,229,SA,0.4699537750385208,0.017528616
100,230,SA,0.4699537750385208,0.020981763
100,231,SA,0.4699537750385208,0.020499879
100,232,SA,0.4699537750385208,0.019931485
100,233,SA,0.4699537750385208,0.019219637
100,234,SA,0.4699537750385208,0.021927968
100,235,SA,0.4699537750385208,0.01961287
100,236,SA,0.4699537750385208,0.024939791
100,237,SA,0.4699537750385208,0.022946136
100,238,SA,0.4699537750385208,0.019862297
100,239,SA,0.4699537750385208,0.021181077
100,240,SA,0.47303543913713403,0.020369236
100,241,SA,0.47303543913713403,0.021108826
100,242,SA,0.47303543913713403,0.020007989
100,243,SA,0.47303543913713403,0.021076985
100,244,SA,0.47303543913713403,0.01909673
100,245,SA,0.47303543913713403,0.019343105
100,246,SA,0.47303543913713403,0.021242258
100,247,SA,0.4714946070878274,0.019963585
100,248,SA,0.4699537750385208,0.019977515
100,249,SA,0.4776579352850539,0.024340458
100,250,SA,0.47919876733436056,0.018636857
100,251,SA,0.4776579352850539,0.020527125
100,252,SA,0.4776579352850539,0.017683161
100,253,SA,0.4776579352850539,0.023255371
100,254,SA,0.47919876733436056,0.017484045
100,255,SA,0.48073959938366717,0.01964293
100,256,SA,0.4745762711864407,0.017667203
100,257,SA,0.4745762711864407,0.018392755
100,258,SA,0.47303543913713403,0.020569661
100,259,SA,0.47303543913713403,0.019000377
100,260,SA,0.48073959938366717,0.022315099
100,261,SA,0.48073959938366717,0.020693944
100,262,SA,0.4761171032357473,0.021300826
100,263,SA,0.4761171032357473,0.021880396
100,264,SA,0.4761171032357473,0.021123019
100,265,SA,0.4915254237288136,0.021624045
100,266,SA,0.4915254237288136,0.020540024
100,267,SA,0.4915254237288136,0.021741315
100,268,SA,0.4946070878274268,0.018681427
100,269,SA,0.49768875192604006,0.022817769
100,270,SA,0.49922958397534667,0.018968928
100,271,SA,0.50231124807396,0.022239871
100,272,SA,0.50231124807396,0.020300321
100,273,SA,0.49768875192604006,0.019909966
100,274,SA,0.49768875192604006,0.020210725
100,275,SA,0.49768875192604006,0.020489245
100,276,SA,0.49768875192604006,0.02326259
100,277,SA,0.5069337442218799,0.019188294
100,278,SA,0.5084745762711864,0.020443004
100,279,SA,0.5084745762711864,0.021549628
100,280,SA,0.5053929121725732,0.018178556
100,281,SA,0.50231124807396,0.022443234
100,282,SA,0.50231124807396,0.018578838
100,283,SA,0.5038520801232665,0.018956523
100,284,SA,0.5038520801232665,0.017746881
100,285,SA,0.48382126348228044,0.019432374
100,286,SA,0.48382126348228044,0.018477719
100,287,SA,0.48382126348228044,0.019820278
100,288,SA,0.48382126348228044,0.019260949
100,289,SA,0.48228043143297383,0.022263289
100,290,SA,0.48228043143297383,0.019748723
100,291,SA,0.48073959938366717,0.020336676
100,292,SA,0.4776579352850539,0.021737819
100,293,SA,0.4761171032357473,0.018757844
100,294,SA,0.47303543913713403,0.02287779
100,295,SA,0.4761171032357473,0.021703354
100,296,SA,0.4761171032357473,0.019446125
100,297,SA,0.4761171032357473,0.018873691
100,298,SA,0.4761171032357473,0.018358112
100,299,SA,0.47919876733436056,0.019239663
100,300,SA,0.48382126348228044,0.018962701
100,301,SA,0.48382126348228044,0.02247847
100,302,SA,0.48382126348228044,0.01807903
100,303,SA,0.48382126348228044,0.018350926
100,304,SA,0.48536209553158705,0.018941252
100,305,SA,0.4869029275808937,0.019842042
100,306,SA,0.4560862865947612,0.020269073
100,307,SA,0.4560862865947612,0.023263874
100,308,SA,0.4560862865947612,0.020623885
100,309,SA,0.4560862865947612,0.021430834
100,310,SA,0.4560862865947612,0.021107349
100,311,SA,0.4576271186440678,0.019429509
100,312,SA,0.4560862865947612,0.021571157
100,313,SA,0.4560862865947612,0.021033962
100,314,SA,0.4591679506933744,0.018957613
100,315,SA,0.4591679506933744,0.017659739
100,316,SA,0.4591679506933744,0.019115122
100,317,SA,0.4591679506933744,0.021512424
100,318,SA,0.4591679506933744,0.023973851
100,319,SA,0.4591679506933744,0.020456875
100,320,SA,0.4591679506933744,0.022331895
100,321,SA,0.4622496147919877,0.020711596
100,322,SA,0.46070878274268107,0.017723696
100,323,SA,0.46070878274268107,0.018256497
100,324,SA,0.46070878274268107,0.019604977
100,325,SA,0.46070878274268107,0.022458423
100,326,SA,0.4530046224961479,0.019171747
100,327,SA,0.4530046224961479,0.022581817
100,328,SA,0.4530046224961479,0.021345174
100,329,SA,0.4530046224961479,0.019613506
100,330,SA,0.4530046224961479,0.021961495
100,331,SA,0.44838212634822805,0.017671243
100,332,SA,0.44684129429892144,0.021091405
100,333,SA,0.44684129429892144,0.021732817
100,334,SA,0.44684129429892144,0.021347777
100,335,SA,0.44684129429892144,0.018966571
100,336,SA,0.44684129429892144,0.022315372
100,337,SA,0.4576271186440678,0.020388279
100,338,SA,0.46070878274268107,0.018554186
100,339,SA,0.46070878274268107,0.019082352
100,340,SA,0.46070878274268107,0.02199552
100,341,SA,0.4453004622496148,0.022079867
100,342,SA,0.44684129429892144,0.019344531
100,343,SA,0.44684129429892144,0.020224433
100,344,SA,0.44684129429892144,0.019210798
100,345,SA,0.44838212634822805,0.020877381
100,346,SA,0.44838212634822805,0.022676693
100,347,SA,0.44838212634822805,0.01717733
100,348,SA,0.4453004622496148,0.019366546
100,349,SA,0.4453004622496148,0.018444614
100,350,SA,0.44684129429892144,0.021804229
100,351,SA,0.4514637904468413,0.021130516
100,352,SA,0.4514637904468413,0.021559166
100,353,SA,0.4514637904468413,0.026994518
100,354,SA,0.4514637904468413,0.020858912
100,355,SA,0.4514637904468413,0.02076807
100,356,SA,0.4530046224961479,0.019917385
100,357,SA,0.4560862865947612,0.022295943
100,358,SA,0.45454545454545453,0.019976201
100,359,SA,0.45454545454545453,0.01840169
100,360,SA,0.45454545454545453,0.022787472
100,361,SA,0.45454545454545453,0.023826117
100,362,SA,0.45454545454545453,0.02392
100,363,SA,0.45454545454545453,0.020595162
100,364,SA,0.45454545454545453,0.023014069
100,365,SA,0.4530046224961479,0.019715273
100,366,SA,0.4530046224961479,0.019423144
100,367,SA,0.4530046224961479,0.020057509
100,368,SA,0.46070878274268107,0.022408471
100,369,SA,0.46070878274268107,0.020150878
100,370,SA,0.46070878274268107,0.021772524
100,371,SA,0.46070878274268107,0.020627273
100,372,SA,0.46070878274268107,0.023398996
100,373,SA,0.46070878274268107,0.020387729
100,374,SA,0.46070878274268107,0.02085818
100,375,SA,0.46070878274268107,0.020059007
100,376,SA,0.46070878274268107,0.018626464
100,377,SA,0.46070878274268107,0.021610479
100,378,SA,0.46070878274268107,0.02033917
100,379,SA,0.4622496147919877,0.018926114
100,380,SA,0.46070878274268107,0.021517439
100,381,SA,0.46070878274268107,0.022304097
100,382,SA,0.46070878274268107,0.020612372
100,383,SA,0.46070878274268107,0.01783221
100,384,SA,0.46070878274268107,0.020294529
100,385,SA,0.46070878274268107,0.020746907
100,386,SA,0.46070878274268107,0.020519975
100,387,SA,0.4453004622496148,0.021758026
100,388,SA,0.4453004622496148,0.022670227
100,389,SA,0.44992295839753466,0.019473595
100,390,SA,0.44992295839753466,0.018405783
100,391,SA,0.44992295839753466,0.02223829
100,392,SA,0.44992295839753466,0.019575351
100,393,SA,0.44838212634822805,0.018855342
100,394,SA,0.44838212634822805,0.018658753
100,395,SA,0.44838212634822805,0.016843579
100,396,SA,0.44992295839753466,0.022073004
100,397,SA,0.44992295839753466,0.021028307
100,398,SA,0.4514637904468413,0.018271587
100,399,SA,0.44838212634822805,0.021946305
100,400,SA,0.46533127889060094,0.018628965
100,401,SA,0.46533127889060094,0.019204884
100,402,SA,0.4637904468412943,0.02329437
100,403,SA,0.4637904468412943,0.021297171
100,404,SA,0.4637904468412943,0.020599333
100,405,SA,0.4637904468412943,0.018626856
100,406,SA,0.4637904468412943,0.02008599
100,407,SA,0.4637904468412943,0.02321621
100,408,SA,0.4637904468412943,0.02166279
100,409,SA,0.4637904468412943,0.021907707
100,410,SA,0.4637904468412943,0.019164977
100,411,SA,0.46687211093990755,0.022771676
100,412,SA,0.46687211093990755,0.020871317
100,413,SA,0.46687211093990755,0.019588595
100,414,SA,0.46841294298921415,0.020172987
100,415,SA,0.46841294298921415,0.022773883
100,416,SA,0.46687211093990755,0.020708162
100,417,SA,0.46687211093990755,0.019808131
100,418,SA,0.46687211093990755,0.019047902
100,419,SA,0.46687211093990755,0.017904992
100,420,SA,0.46687211093990755,0.021445946
100,421,SA,0.46841294298921415,0.019940805
100,422,SA,0.46687211093990755,0.02334253
100,423,SA,0.46687211093990755,0.018955422
100,424,SA,0.46533127889060094,0.018144545
100,425,SA,0.46533127889060094,0.020162656
100,426,SA,0.46533127889060094,0.020755434
100,427,SA,0.4591679506933744,0.019458686
100,428,SA,0.46841294298921415,0.018832892
100,429,SA,0.46841294298921415,0.021335281
100,430,SA,0.4637904468412943,0.020442123
100,431,SA,0.4637904468412943,0.022343354
100,432,SA,0.4637904468412943,0.021181625
100,433,SA,0.4637904468412943,0.022897693
100,434,SA,0.4637904468412943,0.017289436
100,435,SA,0.4622496147919877,0.020483107
100,436,SA,0.4637904468412943,0.018843498
100,437,SA,0.4637904468412943,0.018541207
100,438,SA,0.46070878274268107,0.017902148
100,439,SA,0.4622496147919877,0.01780619
100,440,SA,0.4622496147919877,0.021367069
100,441,SA,0.4622496147919877,0.02155043
100,442,SA,0.4622496147919877,0.02264739
100,443,SA,0.4622496147919877,0.019991554
100,444,SA,0.46070878274268107,0.020149883
100,445,SA,0.4560862865947612,0.017210885
100,446,SA,0.4560862865947612,0.02287817
100,447,SA,0.4591679506933744,0.020808763
100,448,SA,0.4591679506933744,0.017781703
100,449,SA,0.4591679506933744,0.021499204
100,450,SA,0.4591679506933744,0.018212486
100,451,SA,0.4591679506933744,0.020662446
100,452,SA,0.4591679506933744,0.019055353
100,453,SA,0.4591679506933744,0.022350125
100,454,SA,0.4591679506933744,0.019531687
100,455,SA,0.4576271186440678,0.021823905
100,456,SA,0.4576271186440678,0.018757173
100,457,SA,0.4576271186440678,0.021536176
100,458,SA,0.4591679506933744,0.019298118
100,459,SA,0.4591679506933744,0.021078343
100,460,SA,0.4591679506933744,0.018754993
100,461,SA,0.4591679506933744,0.021872094
100,462,SA,0.4591679506933744,0.018245957
100,463,SA,0.4591679506933744,0.019876813
100,464,SA,0.4576271186440678,0.022518826
100,465,SA,0.4591679506933744,0.020250946
100,466,SA,0.4576271186440678,0.02223554
100,467,SA,0.4576271186440678,0.018727453
100,468,SA,0.4560862865947612,0.017716447
100,469,SA,0.45454545454545453,0.020520109
100,470,SA,0.4530046224961479,0.022598629
100,471,SA,0.4530046224961479,0.018486886
100,472,SA,0.4530046224961479,0.019121191
100,473,SA,0.4530046224961479,0.022533582
100,474,SA,0.4576271186440678,0.021605377
100,475,SA,0.4576271186440678,0.021221257
100,476,SA,0.4637904468412943,0.020555799
100,477,SA,0.4637904468412943,0.020325931
100,478,SA,0.4637904468412943,0.022248019
100,479,SA,0.46841294298921415,0.018531968
100,480,SA,0.4699537750385208,0.020240173
100,481,SA,0.4699537750385208,0.020865916
100,482,SA,0.47303543913713403,0.020521939
100,483,SA,0.47303543913713403,0.0205908
100,484,SA,0.47303543913713403,0.022700942
100,485,SA,0.47303543913713403,0.017781149
100,486,SA,0.47303543913713403,0.0236191
100,487,SA,0.47303543913713403,0.021827693
100,488,SA,0.4776579352850539,0.018002297
100,489,SA,0.4776579352850539,0.020708865
100,490,SA,0.4776579352850539,0.019960418
100,491,SA,0.4776579352850539,0.01903028
100,492,SA,0.4776579352850539,0.020470251
100,493,SA,0.4776579352850539,0.020913074
100,494,SA,0.4776579352850539,0.020942906
100,495,SA,0.4776579352850539,0.021783
100,496,SA,0.4776579352850539,0.018978829
100,497,SA,0.4776579352850539,0.02078588
100,498,SA,0.4776579352850539,0.017047014
100,499,SA,0.4776579352850539,0.018133022
100,500,SA,0.4776579352850539,0.022059423
100,501,SA,0.4776579352850539,0.018595405
100,502,SA,0.4776579352850539,0.021967553
100,503,SA,0.4776579352850539,0.020639459
100,504,SA,0.4776579352850539,0.019507291
100,505,SA,0.47919876733436056,0.020948793
100,506,SA,0.47919876733436056,0.021919073
100,507,SA,0.47919876733436056,0.022688209
100,508,SA,0.47919876733436056,0.021181912
100,509,SA,0.47919876733436056,0.0221624
100,510,SA,0.47919876733436056,0.019841101
100,511,SA,0.48073959938366717,0.020640948
100,512,SA,0.48073959938366717,0.021805519
100,513,SA,0.48073959938366717,0.021592873
100,514,SA,0.48073959938366717,0.018216836
100,515,SA,0.48073959938366717,0.019517113
100,516,SA,0.48073959938366717,0.020356134
100,517,SA,0.48073959938366717,0.022572352
100,518,SA,0.4869029275808937,0.021788193
100,519,SA,0.4869029275808937,0.018957854
100,520,SA,0.4899845916795069,0.021376883
100,521,SA,0.4899845916795069,0.022015302
100,522,SA,0.4915254237288136,0.021350565
100,523,SA,0.4946070878274268,0.018262762
100,524,SA,0.4946070878274268,0.022964796
100,525,SA,0.4946070878274268,0.01897246
100,526,SA,0.4946070878274268,0.019494988
100,527,SA,0.4946070878274268,0.020404865
100,528,SA,0.4930662557781202,0.022348941
100,529,SA,0.4930662557781202,0.0192833
100,530,SA,0.4930662557781202,0.01911402
100,531,SA,0.4946070878274268,0.018641215
100,532,SA,0.49922958397534667,0.018069984
100,533,SA,0.49922958397534667,0.01902377
100,534,SA,0.514637904468413,0.019570438
100,535,SA,0.514637904468413,0.01804865
100,536,SA,0.514637904468413,0.018639337
100,537,SA,0.514637904468413,0.02469696
100,538,SA,0.514637904468413,0.018665037
100,539,SA,0.514637904468413,0.018391988
100,540,SA,0.514637904468413,0.021866155
100,541,SA,0.514637904468413,0.022761394
100,542,SA,0.514637904468413,0.018817636
100,543,SA,0.514637904468413,0.019307869
100,544,SA,0.5161787365177196,0.023955026
100,545,SA,0.5177195685670262,0.024257275
100,546,SA,0.5177195685670262,0.019475442
100,547,SA,0.5208012326656395,0.018579305
100,548,SA,0.5208012326656395,0.021166557
100,549,SA,0.5208012326656395,0.021790829
100,550,SA,0.5208012326656395,0.019297015
100,551,SA,0.5192604006163328,0.022422248
100,552,SA,0.5192604006163328,0.021688057
100,553,SA,0.5192604006163328,0.018192821
100,554,SA,0.5192604006163328,0.020309219
100,555,SA,0.5192604006163328,0.017985544
100,556,SA,0.5192604006163328,0.023340363
100,557,SA,0.5192604006163328,0.019851651
100,558,SA,0.5192604006163328,0.02109254
100,559,SA,0.5192604006163328,0.018491302
100,560,SA,0.5192604006163328,0.019658917
100,561,SA,0.5192604006163328,0.01810547
100,562,SA,0.5192604006163328,0.020056137
100,563,SA,0.5254237288135594,0.020152588
100,564,SA,0.5269645608628659,0.022227739
100,565,SA,0.5269645608628659,0.019274386
100,566,SA,0.5269645608628659,0.020941302
100,567,SA,0.5300462249614792,0.019130878
100,568,SA,0.5300462249614792,0.022197282
100,569,SA,0.5300462249614792,0.021586719
100,570,SA,0.5300462249614792,0.022563865
100,571,SA,0.5315870570107858,0.020358644
100,572,SA,0.5315870570107858,0.020851463
100,573,SA,0.5315870570107858,0.01915376
100,574,SA,0.5315870570107858,0.023253002
100,575,SA,0.5315870570107858,0.022129494
100,576,SA,0.5315870570107858,0.021611702
100,577,SA,0.5315870570107858,0.019313245
100,578,SA,0.5315870570107858,0.020792864
100,579,SA,0.5331278890600925,0.02171917
100,580,SA,0.5331278890600925,0.019262245
100,581,SA,0.5346687211093991,0.018046865
100,582,SA,0.5346687211093991,0.017712302
100,583,SA,0.5346687211093991,0.017613448
100,584,SA,0.5346687211093991,0.019126578
100,585,SA,0.5346687211093991,0.020058581
100,586,SA,0.5346687211093991,0.018624293
100,587,SA,0.5346687211093991,0.019265462
100,588,SA,0.5377503852080123,0.017913102
100,589,SA,0.5377503852080123,0.018449886
100,590,SA,0.5377503852080123,0.020331363
100,591,SA,0.5377503852080123,0.018059857
100,592,SA,0.5377503852080123,0.018121726
100,593,SA,0.5377503852080123,0.018432312
100,594,SA,0.539291217257319,0.018154707
100,595,SA,0.539291217257319,0.019582594
100,596,SA,0.539291217257319,0.01780399
100,597,SA,0.539291217257319,0.016994676
100,598,SA,0.539291217257319,0.018988013
100,599,SA,0.539291217257319,0.017123725
100,600,SA,0.5408320493066255,0.017169138
100,601,SA,0.5408320493066255,0.017034217
100,602,SA,0.5408320493066255,0.019819773
100,603,SA,0.5408320493066255,0.018536768
100,604,SA,0.5408320493066255,0.017416898
100,605,SA,0.5408320493066255,0.016802551
100,606,SA,0.5408320493066255,0.018150609
100,607,SA,0.5408320493066255,0.020363783
100,608,SA,0.5408320493066255,0.017325248
100,609,SA,0.5408320493066255,0.018410609
100,610,SA,0.5408320493066255,0.017496889
100,611,SA,0.5408320493066255,0.019308767
100,612,SA,0.5408320493066255,0.018434729
100,613,SA,0.5408320493066255,0.018309365
100,614,SA,0.5408320493066255,0.019207383
100,615,SA,0.5423728813559322,0.020054947
100,616,SA,0.5423728813559322,0.018532483
100,617,SA,0.5423728813559322,0.020935919
100,618,SA,0.5423728813559322,0.019524891
100,619,SA,0.5423728813559322,0.021123623
100,620,SA,0.5423728813559322,0.020326981
100,621,SA,0.5423728813559322,0.02112173
100,622,SA,0.5423728813559322,0.020057306
100,623,SA,0.5423728813559322,0.017692664
100,624,SA,0.5423728813559322,0.019214488
100,625,SA,0.5423728813559322,0.020071274
100,626,SA,0.5423728813559322,0.023064105
100,627,SA,0.5423728813559322,0.020031516
100,628,SA,0.5423728813559322,0.019673875
100,629,SA,0.5423728813559322,0.019029105
100,630,SA,0.5423728813559322,0.021823032
100,631,SA,0.5423728813559322,0.020919563
100,632,SA,0.5423728813559322,0.020677209
100,633,SA,0.5423728813559322,0.021031428
100,634,SA,0.5423728813559322,0.018526487
100,635,SA,0.5423728813559322,0.020900835
100,636,SA,0.5423728813559322,0.021562969
100,637,SA,0.5423728813559322,0.020643603
100,638,SA,0.5454545454545454,0.018259938
100,639,SA,0.5454545454545454,0.01837381
100,640,SA,0.5454545454545454,0.019935063
100,641,SA,0.5454545454545454,0.019642787
100,642,SA,0.5454545454545454,0.020544186
100,643,SA,0.5454545454545454,0.018316397
100,644,SA,0.5454545454545454,0.018697921
100,645,SA,0.5454545454545454,0.019207303
100,646,SA,0.5454545454545454,0.018573816
100,647,SA,0.5469953775038521,0.019318761
100,648,SA,0.5485362095531587,0.017964163
100,649,SA,0.5485362095531587,0.017258868
100,650,SA,0.5485362095531587,0.018591418
100,651,SA,0.5485362095531587,0.019178632
100,652,SA,0.5485362095531587,0.019547384
100,653,SA,0.5485362095531587,0.0185524
100,654,SA,0.5485362095531587,0.019554825
100,655,SA,0.551617873651772,0.017849707
100,656,SA,0.551617873651772,0.017775896
100,657,SA,0.551617873651772,0.018085907
100,658,SA,0.551617873651772,0.017992257
100,659,SA,0.551617873651772,0.018703275
100,660,SA,0.559322033898305,0.017797381
100,661,SA,0.559322033898305,0.017764714
100,662,SA,0.559322033898305,0.018583453
100,663,SA,0.559322033898305,0.018967183
100,664,SA,0.559322033898305,0.018180149
100,665,SA,0.559322033898305,0.018324216
100,666,SA,0.559322033898305,0.017947217
100,667,SA,0.559322033898305,0.017955602
100,668,SA,0.559322033898305,0.018600171
100,669,SA,0.559322033898305,0.020024663
100,670,SA,0.559322033898305,0.019824501
100,671,SA,0.559322033898305,0.019153681
100,672,SA,0.5608628659476117,0.021549487
100,673,SA,0.5639445300462249,0.020797983
100,674,SA,0.5639445300462249,0.021831828
100,675,SA,0.5639445300462249,0.02255241
100,676,SA,0.5639445300462249,0.018934417
100,677,SA,0.5639445300462249,0.020047537
100,678,SA,0.5639445300462249,0.019296785
100,679,SA,0.5639445300462249,0.019991364
100,680,SA,0.5654853620955316,0.020049786
100,681,SA,0.5685670261941448,0.020583253
100,682,SA,0.5701078582434514,0.018518579
100,683,SA,0.5701078582434514,0.018088718
100,684,SA,0.5701078582434514,0.020678376
100,685,SA,0.5670261941448382,0.021539908
100,686,SA,0.5670261941448382,0.019620178
100,687,SA,0.5670261941448382,0.0188104
100,688,SA,0.5670261941448382,0.019333206
100,689,SA,0.5670261941448382,0.020622102
100,690,SA,0.5670261941448382,0.020412602
100,691,SA,0.5670261941448382,0.018542958
100,692,SA,0.5670261941448382,0.021816465
100,693,SA,0.5685670261941448,0.019190026
100,694,SA,0.5685670261941448,0.020793274
100,695,SA,0.5685670261941448,0.019109346
100,696,SA,0.576271186440678,0.020862829
100,697,SA,0.576271186440678,0.020110663
100,698,SA,0.576271186440678,0.019308969
100,699,SA,0.576271186440678,0.018982719
100,700,SA,0.576271186440678,0.019849993
100,701,SA,0.576271186440678,0.020373705
100,702,SA,0.5808936825885979,0.019895737
100,703,SA,0.5808936825885979,0.018959709
100,704,SA,0.5808936825885979,0.020258523
100,705,SA,0.5808936825885979,0.019387359
100,706,SA,0.5824345146379045,0.018548532
100,707,SA,0.5824345146379045,0.021912088
100,708,SA,0.5824345146379045,0.019126841
100,709,SA,0.600924499229584,0.019150814
100,710,SA,0.600924499229584,0.020488755
100,711,SA,0.600924499229584,0.019463242
100,712,SA,0.600924499229584,0.019135385
100,713,SA,0.600924499229584,0.021328147
100,714,SA,0.600924499229584,0.019893698
100,715,SA,0.600924499229584,0.016924907
100,716,SA,0.600924499229584,0.0189512
100,717,SA,0.6024653312788906,0.019140595
100,718,SA,0.6024653312788906,0.021047743
100,719,SA,0.6024653312788906,0.021921384
100,720,SA,0.6024653312788906,0.022314445
100,721,SA,0.6024653312788906,0.020176286
100,722,SA,0.6024653312788906,0.021771308
100,723,SA,0.6024653312788906,0.022436949
100,724,SA,0.6024653312788906,0.023407104
100,725,SA,0.6024653312788906,0.021576934
100,726,SA,0.6024653312788906,0.018713417
100,727,SA,0.6024653312788906,0.019319132
100,728,SA,0.5993836671802774,0.01830291
100,729,SA,0.5993836671802774,0.021779487
100,730,SA,0.5993836671802774,0.022499015
100,731,SA,0.5993836671802774,0.021096218
100,732,SA,0.5993836671802774,0.021338239
100,733,SA,0.600924499229584,0.022332034
100,734,SA,0.600924499229584,0.02189783
100,735,SA,0.600924499229584,0.020086228
100,736,SA,0.600924499229584,0.021464489
100,737,SA,0.600924499229584,0.019244711
100,738,SA,0.600924499229584,0.019835471
100,739,SA,0.5993836671802774,0.020513624
100,740,SA,0.5993836671802774,0.018806
100,741,SA,0.5993836671802774,0.020660592
100,742,SA,0.5993836671802774,0.020222179
100,743,SA,0.5993836671802774,0.018896364
100,744,SA,0.5993836671802774,0.019069419
100,745,SA,0.5993836671802774,0.01999525
100,746,SA,0.5993836671802774,0.020020385
100,747,SA,0.5993836671802774,0.020031346
100,748,SA,0.5993836671802774,0.019970033
100,749,SA,0.5993836671802774,0.01968427
100,750,SA,0.5978428351309707,0.021176711
100,751,SA,0.5993836671802774,0.017587299
100,752,SA,0.5993836671802774,0.018897773
100,753,SA,0.6055469953775039,0.020279255
100,754,SA,0.6055469953775039,0.022353373
100,755,SA,0.6055469953775039,0.01911033
100,756,SA,0.6055469953775039,0.018832696
100,757,SA,0.6055469953775039,0.020994017
100,758,SA,0.6055469953775039,0.020349081
100,759,SA,0.6055469953775039,0.018064996
100,760,SA,0.6101694915254238,0.018293371
100,761,SA,0.6101694915254238,0.023352769
100,762,SA,0.6302003081664098,0.020163744
100,763,SA,0.6302003081664098,0.022222961
100,764,SA,0.6302003081664098,0.022489644
100,765,SA,0.6302003081664098,0.020216648
100,766,SA,0.6302003081664098,0.020041617
100,767,SA,0.6302003081664098,0.023187556
100,768,SA,0.6302003081664098,0.0176235
100,769,SA,0.6302003081664098,0.020164483
100,770,SA,0.6302003081664098,0.017315729
100,771,SA,0.6302003081664098,0.017424335
100,772,SA,0.6302003081664098,0.017923911
100,773,SA,0.6302003081664098,0.01806909
100,774,SA,0.6302003081664098,0.019880502
100,775,SA,0.6302003081664098,0.020056469
100,776,SA,0.6302003081664098,0.020894758
100,777,SA,0.6302003081664098,0.019536225
100,778,SA,0.6302003081664098,0.017943126
100,779,SA,0.6302003081664098,0.021273385
100,780,SA,0.6302003081664098,0.024725981
100,781,SA,0.6302003081664098,0.018236341
100,782,SA,0.6302003081664098,0.020331885
100,783,SA,0.6302003081664098,0.019195007
100,784,SA,0.6302003081664098,0.02064579
100,785,SA,0.6302003081664098,0.021607668
100,786,SA,0.6302003081664098,0.022750067
100,787,SA,0.6302003081664098,0.020234307
100,788,SA,0.6302003081664098,0.019639654
100,789,SA,0.6302003081664098,0.020999833
100,790,SA,0.6348228043143297,0.021930475
100,791,SA,0.6348228043143297,0.018428162
100,792,SA,0.6348228043143297,0.019407285
100,793,SA,0.6348228043143297,0.020020163
100,794,SA,0.6363636363636364,0.016811954
100,795,SA,0.6363636363636364,0.017944924
100,796,SA,0.6363636363636364,0.019738263
100,797,SA,0.637904468412943,0.020117713
100,798,SA,0.637904468412943,0.022127299
100,799,SA,0.637904468412943,0.019982728
100,800,SA,0.637904468412943,0.018653984
100,801,SA,0.6348228043143297,0.019268434
100,802,SA,0.6363636363636364,0.018912067
100,803,SA,0.6363636363636364,0.019761955
100,804,SA,0.6363636363636364,0.020870497
100,805,SA,0.6363636363636364,0.021285075
100,806,SA,0.6394453004622496,0.019633189
100,807,SA,0.6394453004622496,0.022130497
100,808,SA,0.6409861325115562,0.020357557
100,809,SA,0.6409861325115562,0.021302469
100,810,SA,0.6409861325115562,0.019145661
100,811,SA,0.6409861325115562,0.017392345
100,812,SA,0.6409861325115562,0.020345966
100,813,SA,0.6409861325115562,0.022486795
100,814,SA,0.6409861325115562,0.022398583
100,815,SA,0.6409861325115562,0.021595519
100,816,SA,0.6409861325115562,0.021834305
100,817,SA,0.6409861325115562,0.022219299
100,818,SA,0.637904468412943,0.017930875
100,819,SA,0.637904468412943,0.020054422
100,820,SA,0.637904468412943,0.021726413
100,821,SA,0.637904468412943,0.02365519
100,822,SA,0.637904468412943,0.020450818
100,823,SA,0.6425269645608629,0.019772024
100,824,SA,0.6548536209553159,0.018184798
100,825,SA,0.6548536209553159,0.01912314
100,826,SA,0.6548536209553159,0.019268948
100,827,SA,0.6548536209553159,0.018844624
100,828,SA,0.6548536209553159,0.020530025
100,829,SA,0.6548536209553159,0.018375313
100,830,SA,0.6548536209553159,0.019381004
100,831,SA,0.6548536209553159,0.017100897
100,832,SA,0.6548536209553159,0.022023249
100,833,SA,0.6548536209553159,0.020037459
100,834,SA,0.6548536209553159,0.018164115
100,835,SA,0.6533127889060092,0.020970136
100,836,SA,0.6533127889060092,0.019878736
100,837,SA,0.6533127889060092,0.021509941
100,838,SA,0.6548536209553159,0.01984986
100,839,SA,0.6548536209553159,0.021922368
100,840,SA,0.6548536209553159,0.022688885
100,841,SA,0.6548536209553159,0.024342929
100,842,SA,0.6548536209553159,0.018489848
100,843,SA,0.6548536209553159,0.020409405
100,844,SA,0.6548536209553159,0.019482136
100,845,SA,0.6548536209553159,0.020225742
100,846,SA,0.6548536209553159,0.020930947
100,847,SA,0.6548536209553159,0.019780786
100,848,SA,0.6548536209553159,0.023228525
100,849,SA,0.6548536209553159,0.020709713
100,850,SA,0.6548536209553159,0.021800089
100,851,SA,0.6548536209553159,0.022869891
100,852,SA,0.6548536209553159,0.01884021
100,853,SA,0.6563944530046225,0.022492134
100,854,SA,0.6563944530046225,0.018752888
100,855,SA,0.6563944530046225,0.022553392
100,856,SA,0.6563944530046225,0.020505403
100,857,SA,0.6548536209553159,0.020258015
100,858,SA,0.6548536209553159,0.020144377
100,859,SA,0.6533127889060092,0.022360321
100,860,SA,0.6533127889060092,0.023147941
100,861,SA,0.6533127889060092,0.018729767
100,862,SA,0.6533127889060092,0.020926237
100,863,SA,0.6533127889060092,0.020667135
100,864,SA,0.6533127889060092,0.018602168
100,865,SA,0.6548536209553159,0.020322414
100,866,SA,0.6548536209553159,0.021094806
100,867,SA,0.6548536209553159,0.021558648
100,868,SA,0.6563944530046225,0.01916471
100,869,SA,0.6563944530046225,0.018536771
100,870,SA,0.6563944530046225,0.018280356
100,871,SA,0.6563944530046225,0.021022375
100,872,SA,0.6548536209553159,0.01833015
100,873,SA,0.6548536209553159,0.018797762
100,874,SA,0.6563944530046225,0.019551486
100,875,SA,0.6563944530046225,0.022326962
100,876,SA,0.6563944530046225,0.01924702
100,877,SA,0.6548536209553159,0.019257183
100,878,SA,0.6548536209553159,0.018771663
100,879,SA,0.6548536209553159,0.017801929
100,880,SA,0.6594761171032357,0.020351455
100,881,SA,0.6594761171032357,0.0203465
100,882,SA,0.6594761171032357,0.019494329
100,883,SA,0.6594761171032357,0.019988799
100,884,SA,0.6594761171032357,0.022461306
100,885,SA,0.6594761171032357,0.020267104
100,886,SA,0.6594761171032357,0.020748649
100,887,SA,0.6594761171032357,0.019593664
100,888,SA,0.6594761171032357,0.020179721
100,889,SA,0.6594761171032357,0.021422773
100,890,SA,0.6594761171032357,0.018972307
100,891,SA,0.6594761171032357,0.019802157
100,892,SA,0.6594761171032357,0.018583221
100,893,SA,0.6594761171032357,0.01828515
100,894,SA,0.6594761171032357,0.019657669
100,895,SA,0.6594761171032357,0.023135774
100,896,SA,0.6563944530046225,0.019060275
100,897,SA,0.6563944530046225,0.020697687
100,898,SA,0.6563944530046225,0.020467053
100,899,SA,0.6563944530046225,0.020739553
100,900,SA,0.6563944530046225,0.020359045
100,901,SA,0.6563944530046225,0.018320193
100,902,SA,0.6563944530046225,0.019066719
100,903,SA,0.6563944530046225,0.019088441
100,904,SA,0.6563944530046225,0.021088363
100,905,SA,0.6563944530046225,0.022220249
100,906,SA,0.6563944530046225,0.020970052
100,907,SA,0.6563944530046225,0.018991288
100,908,SA,0.6563944530046225,0.017743604
100,909,SA,0.6563944530046225,0.022338029
100,910,SA,0.6548536209553159,0.019912531
100,911,SA,0.6548536209553159,0.021049474
100,912,SA,0.6548536209553159,0.019964437
100,913,SA,0.6548536209553159,0.020318228
100,914,SA,0.6548536209553159,0.022157029
100,915,SA,0.662557781201849,0.019421299
100,916,SA,0.662557781201849,0.0192274
100,917,SA,0.662557781201849,0.022669314
100,918,SA,0.662557781201849,0.01894543
100,919,SA,0.662557781201849,0.0223709
100,920,SA,0.662557781201849,0.020745383
100,921,SA,0.662557781201849,0.022590581
100,922,SA,0.662557781201849,0.020405991
100,923,SA,0.662557781201849,0.019592103
100,924,SA,0.662557781201849,0.020621304
100,925,SA,0.662557781201849,0.018932579
100,926,SA,0.662557781201849,0.018794022
100,927,SA,0.662557781201849,0.020318692
100,928,SA,0.6764252696456087,0.020538753
100,929,SA,0.6764252696456087,0.021310005
100,930,SA,0.6764252696456087,0.021133862
100,931,SA,0.6795069337442219,0.020347904
100,932,SA,0.6795069337442219,0.017504258
100,933,SA,0.6795069337442219,0.018849323
100,934,SA,0.6795069337442219,0.019330007
100,935,SA,0.6795069337442219,0.019114617
100,936,SA,0.6795069337442219,0.019002816
100,937,SA,0.6795069337442219,0.021391651
100,938,SA,0.6795069337442219,0.017531008
100,939,SA,0.6795069337442219,0.019296035
100,940,SA,0.6795069337442219,0.019114878
100,941,SA,0.6795069337442219,0.022701826
100,942,SA,0.6795069337442219,0.023752076
100,943,SA,0.6795069337442219,0.019660081
100,944,SA,0.6795069337442219,0.019733965
100,945,SA,0.6779661016949152,0.018011699
100,946,SA,0.6779661016949152,0.017822938
100,947,SA,0.6779661016949152,0.017562939
100,948,SA,0.674884437596302,0.018295137
100,949,SA,0.674884437596302,0.019946948
100,950,SA,0.674884437596302,0.01877706
100,951,SA,0.674884437596302,0.019407335
100,952,SA,0.674884437596302,0.017299337
100,953,SA,0.674884437596302,0.020266727
100,954,SA,0.674884437596302,0.023898743
100,955,SA,0.674884437596302,0.018751897
100,956,SA,0.674884437596302,0.019511867
100,957,SA,0.674884437596302,0.022387864
100,958,SA,0.6733436055469953,0.021605755
100,959,SA,0.6718027734976888,0.017320178
100,960,SA,0.6718027734976888,0.017280929
100,961,SA,0.6718027734976888,0.01697935
100,962,SA,0.6718027734976888,0.018892772
100,963,SA,0.6718027734976888,0.02066006
100,964,SA,0.6718027734976888,0.019904564
100,965,SA,0.6718027734976888,0.019790587
100,966,SA,0.6718027734976888,0.021855298
100,967,SA,0.6718027734976888,0.01887615
100,968,SA,0.6718027734976888,0.022512448
100,969,SA,0.6718027734976888,0.018248352
100,970,SA,0.6718027734976888,0.022638656
100,971,SA,0.6718027734976888,0.021979146
100,972,SA,0.6718027734976888,0.022970745
100,973,SA,0.6718027734976888,0.021978336
100,974,SA,0.674884437596302,0.019220478
100,975,SA,0.6764252696456087,0.02083103
100,976,SA,0.6764252696456087,0.019578442
100,977,SA,0.6764252696456087,0.019943426
100,978,SA,0.6764252696456087,0.02153753
100,979,SA,0.6764252696456087,0.020499894
100,980,SA,0.6779661016949152,0.02126993
100,981,SA,0.6779661016949152,0.021156748
100,982,SA,0.6779661016949152,0.019505108
100,983,SA,0.6779661016949152,0.01930941
100,984,SA,0.6779661016949152,0.017778409
100,985,SA,0.6779661016949152,0.018379277
100,986,SA,0.6779661016949152,0.017900329
100,987,SA,0.6779661016949152,0.022320629
100,988,SA,0.6779661016949152,0.019113916
100,989,SA,0.6779661016949152,0.018164041
100,990,SA,0.674884437596302,0.022991382
100,991,SA,0.674884437596302,0.021577231
100,992,SA,0.674884437596302,0.02069233
100,993,SA,0.674884437596302,0.020554761
100,994,SA,0.674884437596302,0.018040358
100,995,SA,0.674884437596302,0.019481833
100,996,SA,0.674884437596302,0.019525734
100,997,SA,0.674884437596302,0.019842159
100,998,SA,0.6918335901386748,0.022630808
100,999,SA,0.6918335901386748,0.021718281
100,1000,SA,0.674884437596302,0.023594828
100,1001,SA,0.674884437596302,0.021709675
100,1002,SA,0.674884437596302,0.018767916
100,1003,SA,0.674884437596302,0.020339259
100,1004,SA,0.674884437596302,0.018884469
100,1005,SA,0.674884437596302,0.021612947
100,1006,SA,0.674884437596302,0.020902462
100,1007,SA,0.6702619414483821,0.019870211
100,1008,SA,0.6702619414483821,0.01965075
100,1009,SA,0.6702619414483821,0.019775265
100,1010,SA,0.6702619414483821,0.017599641
100,1011,SA,0.6702619414483821,0.019529697
100,1012,SA,0.6702619414483821,0.022176054
100,1013,SA,0.6702619414483821,0.019600636
100,1014,SA,0.6702619414483821,0.019262618
100,1015,SA,0.6702619414483821,0.021394077
100,1016,SA,0.6718027734976888,0.020882718
100,1017,SA,0.6718027734976888,0.018752843
100,1018,SA,0.6718027734976888,0.018364499
100,1019,SA,0.674884437596302,0.019087489
100,1020,SA,0.674884437596302,0.019537954
100,1021,SA,0.674884437596302,0.020866232
100,1022,SA,0.674884437596302,0.02308697
100,1023,SA,0.674884437596302,0.018722578
100,1024,SA,0.6764252696456087,0.02279884
100,1025,SA,0.6764252696456087,0.021974463
100,1026,SA,0.6764252696456087,0.020520794
100,1027,SA,0.6764252696456087,0.020415546
100,1028,SA,0.674884437596302,0.021713591
100,1029,SA,0.674884437596302,0.019569179
100,1030,SA,0.6779661016949152,0.020586381
100,1031,SA,0.6779661016949152,0.019228708
100,1032,SA,0.6779661016949152,0.02272807
100,1033,SA,0.6779661016949152,0.020559319
100,1034,SA,0.6779661016949152,0.019795381
100,1035,SA,0.6779661016949152,0.019698201
100,1036,SA,0.6779661016949152,0.018548463
100,1037,SA,0.6779661016949152,0.020406941
100,1038,SA,0.6779661016949152,0.019398034
100,1039,SA,0.6825885978428351,0.020792789
100,1040,SA,0.6825885978428351,0.019533172
100,1041,SA,0.6825885978428351,0.020799937
100,1042,SA,0.6856702619414484,0.019461788
100,1043,SA,0.6856702619414484,0.019455412
100,1044,SA,0.6856702619414484,0.019613942
100,1045,SA,0.6856702619414484,0.020441812
100,1046,SA,0.6856702619414484,0.018490576
100,1047,SA,0.6856702619414484,0.020860342
100,1048,SA,0.6856702619414484,0.022995832
100,1049,SA,0.6856702619414484,0.019498404
100,1050,SA,0.6856702619414484,0.019293014
100,1051,SA,0.6856702619414484,0.018744175
100,1052,SA,0.6856702619414484,0.017584602
100,1053,SA,0.6856702619414484,0.021233725
100,1054,SA,0.6856702619414484,0.021021697
100,1055,SA,0.687211093990755,0.018399622
100,1056,SA,0.687211093990755,0.02046401
100,1057,SA,0.687211093990755,0.021370965
100,1058,SA,0.6856702619414484,0.022874481
100,1059,SA,0.6856702619414484,0.019596436
100,1060,SA,0.6856702619414484,0.020812495
100,1061,SA,0.6887519260400616,0.020231402
100,1062,SA,0.6887519260400616,0.020595299
100,1063,SA,0.6887519260400616,0.018290803
100,1064,SA,0.6887519260400616,0.021609431
100,1065,SA,0.6887519260400616,0.019692599
100,1066,SA,0.6841294298921418,0.018182149
100,1067,SA,0.6825885978428351,0.021915168
100,1068,SA,0.6825885978428351,0.022250903
100,1069,SA,0.6825885978428351,0.020124155
100,1070,SA,0.6825885978428351,0.021391382
100,1071,SA,0.6825885978428351,0.021203977
100,1072,SA,0.6825885978428351,0.018368893
100,1073,SA,0.6825885978428351,0.019586426
100,1074,SA,0.6825885978428351,0.019158598
100,1075,SA,0.6841294298921418,0.019457279
100,1076,SA,0.6841294298921418,0.018112301
100,1077,SA,0.6841294298921418,0.018930734
100,1078,SA,0.6841294298921418,0.018732969
100,1079,SA,0.6841294298921418,0.020400733
100,1080,SA,0.6841294298921418,0.01980031
100,1081,SA,0.6841294298921418,0.018860533
100,1082,SA,0.6856702619414484,0.018286589
100,1083,SA,0.6856702619414484,0.019121987
100,1084,SA,0.6856702619414484,0.018734497
100,1085,SA,0.6856702619414484,0.01917543
100,1086,SA,0.6856702619414484,0.01991532
100,1087,SA,0.6856702619414484,0.021315298
100,1088,SA,0.6856702619414484,0.019810251
100,1089,SA,0.6841294298921418,0.021741772
100,1090,SA,0.6856702619414484,0.019845614
100,1091,SA,0.6856702619414484,0.020310277
100,1092,SA,0.6856702619414484,0.019777716
100,1093,SA,0.6856702619414484,0.022735108
100,1094,SA,0.6856702619414484,0.019136516
100,1095,SA,0.6856702619414484,0.019305087
100,1096,SA,0.6856702619414484,0.01881793
100,1097,SA,0.6902927580893683,0.020680941
100,1098,SA,0.6902927580893683,0.020202626
100,1099,SA,0.6902927580893683,0.019014583
100,1100,SA,0.6902927580893683,0.018403247
100,1101,SA,0.6902927580893683,0.019508389
100,1102,SA,0.6902927580893683,0.023192196
100,1103,SA,0.6902927580893683,0.021365205
100,1104,SA,0.6902927580893683,0.021481535
100,1105,SA,0.6902927580893683,0.02132558
100,1106,SA,0.6902927580893683,0.021360776
100,1107,SA,0.6902927580893683,0.021000014
100,1108,SA,0.6902927580893683,0.019748492
100,1109,SA,0.6902927580893683,0.020526546
100,1110,SA,0.6887519260400616,0.020983063
100,1111,SA,0.6887519260400616,0.018617099
100,1112,SA,0.687211093990755,0.01926875
100,1113,SA,0.687211093990755,0.020919945
100,1114,SA,0.687211093990755,0.020019989
100,1115,SA,0.687211093990755,0.023472735
100,1116,SA,0.687211093990755,0.018843638
100,1117,SA,0.687211093990755,0.017755903
100,1118,SA,0.687211093990755,0.018588411
100,1119,SA,0.687211093990755,0.021553479
100,1120,SA,0.687211093990755,0.019856112
100,1121,SA,0.687211093990755,0.019363009
100,1122,SA,0.687211093990755,0.0201058
100,1123,SA,0.687211093990755,0.019522866
100,1124,SA,0.6887519260400616,0.019478808
100,1125,SA,0.6887519260400616,0.02043208
100,1126,SA,0.6887519260400616,0.020767297
100,1127,SA,0.6887519260400616,0.01989072
100,1128,SA,0.6887519260400616,0.019575345
100,1129,SA,0.6887519260400616,0.020051717
100,1130,SA,0.6887519260400616,0.018236468
100,1131,SA,0.6887519260400616,0.019068113
100,1132,SA,0.6887519260400616,0.020177035
100,1133,SA,0.6887519260400616,0.019053031
100,1134,SA,0.6887519260400616,0.017794135
100,1135,SA,0.6887519260400616,0.019497991
100,1136,SA,0.6887519260400616,0.019087534
100,1137,SA,0.6887519260400616,0.018811997
100,1138,SA,0.6887519260400616,0.018657357
100,1139,SA,0.6887519260400616,0.017963323
100,1140,SA,0.6902927580893683,0.018821949
100,1141,SA,0.6902927580893683,0.016491843
100,1142,SA,0.6902927580893683,0.02076968
100,1143,SA,0.6902927580893683,0.019909928
100,1144,SA,0.6902927580893683,0.021061039
100,1145,SA,0.6918335901386748,0.021034373
100,1146,SA,0.6918335901386748,0.020119993
100,1147,SA,0.6918335901386748,0.020989807
100,1148,SA,0.6918335901386748,0.017014737
100,1149,SA,0.6918335901386748,0.019895227
100,1150,SA,0.6918335901386748,0.021128973
100,1151,SA,0.6918335901386748,0.020764809
100,1152,SA,0.6918335901386748,0.017184946
100,1153,SA,0.6918335901386748,0.01915911
100,1154,SA,0.6918335901386748,0.018552256
100,1155,SA,0.6918335901386748,0.021736578
100,1156,SA,0.6918335901386748,0.021105583
100,1157,SA,0.6918335901386748,0.019713861
100,1158,SA,0.6918335901386748,0.020433251
100,1159,SA,0.6918335901386748,0.01957017
100,1160,SA,0.6918335901386748,0.019302993
100,1161,SA,0.6918335901386748,0.018879019
100,1162,SA,0.6918335901386748,0.02163016
100,1163,SA,0.6918335901386748,0.018883059
100,1164,SA,0.6918335901386748,0.02130159
100,1165,SA,0.6918335901386748,0.022920608
100,1166,SA,0.6933744221879815,0.021508464
100,1167,SA,0.7010785824345146,0.019583267
100,1168,SA,0.7010785824345146,0.021286704
100,1169,SA,0.7010785824345146,0.023062907
100,1170,SA,0.7010785824345146,0.022193179
100,1171,SA,0.7010785824345146,0.019992864
100,1172,SA,0.699537750385208,0.017483826
100,1173,SA,0.7026194144838213,0.022673494
100,1174,SA,0.7026194144838213,0.018055026
100,1175,SA,0.7010785824345146,0.022053687
100,1176,SA,0.7010785824345146,0.021609158
100,1177,SA,0.7010785824345146,0.017960386
100,1178,SA,0.7010785824345146,0.019402364
100,1179,SA,0.7010785824345146,0.022377459
100,1180,SA,0.7010785824345146,0.022227596
100,1181,SA,0.7010785824345146,0.018006637
100,1182,SA,0.7010785824345146,0.020475261
100,1183,SA,0.6979969183359014,0.01786635
100,1184,SA,0.6979969183359014,0.018119091
100,1185,SA,0.6979969183359014,0.021535008
100,1186,SA,0.699537750385208,0.0231755
100,1187,SA,0.699537750385208,0.018739233
100,1188,SA,0.699537750385208,0.022515263
100,1189,SA,0.699537750385208,0.018371208
100,1190,SA,0.699537750385208,0.021812422
100,1191,SA,0.699537750385208,0.01874585
100,1192,SA,0.699537750385208,0.019080765
100,1193,SA,0.699537750385208,0.023487556
100,1194,SA,0.699537750385208,0.020872633
100,1195,SA,0.699537750385208,0.021329916
100,1196,SA,0.699537750385208,0.022810896
100,1197,SA,0.699537750385208,0.02033088
100,1198,SA,0.6964560862865947,0.022314898
100,1199,SA,0.6979969183359014,0.019375478
100,1200,SA,0.699537750385208,0.020017727
100,1201,SA,0.6949152542372882,0.016683949
100,1202,SA,0.6949152542372882,0.021545343
100,1203,SA,0.6949152542372882,0.019023217
100,1204,SA,0.6949152542372882,0.019883556
100,1205,SA,0.6949152542372882,0.017977827
100,1206,SA,0.6949152542372882,0.017454586
100,1207,SA,0.6949152542372882,0.01870492
100,1208,SA,0.6949152542372882,0.018298795
100,1209,SA,0.6949152542372882,0.018353019
100,1210,SA,0.6949152542372882,0.019239466
100,1211,SA,0.6949152542372882,0.020119795
100,1212,SA,0.6949152542372882,0.018563691
100,1213,SA,0.6949152542372882,0.021895194
100,1214,SA,0.6949152542372882,0.022454751
100,1215,SA,0.6949152542372882,0.02018347
100,1216,SA,0.6949152542372882,0.022255328
100,1217,SA,0.6949152542372882,0.023143482
100,1218,SA,0.6949152542372882,0.020561371
100,1219,SA,0.6949152542372882,0.020323376
100,1220,SA,0.6949152542372882,0.019716461
100,1221,SA,0.6949152542372882,0.02333018
100,1222,SA,0.6964560862865947,0.021017283
100,1223,SA,0.6979969183359014,0.01998607
100,1224,SA,0.6979969183359014,0.021692583
100,1225,SA,0.6979969183359014,0.021971091
100,1226,SA,0.6979969183359014,0.017860384
100,1227,SA,0.6979969183359014,0.017721112
100,1228,SA,0.699537750385208,0.018894945
100,1229,SA,0.699537750385208,0.021845535
100,1230,SA,0.699537750385208,0.017785758
100,1231,SA,0.699537750385208,0.018937184
100,1232,SA,0.7010785824345146,0.022242681
100,1233,SA,0.7010785824345146,0.020587292
100,1234,SA,0.6964560862865947,0.021347638
100,1235,SA,0.6964560862865947,0.020369202
100,1236,SA,0.6964560862865947,0.018273619
100,1237,SA,0.6964560862865947,0.017985092
100,1238,SA,0.6964560862865947,0.017285934
100,1239,SA,0.6964560862865947,0.019286647
100,1240,SA,0.6964560862865947,0.023128176
100,1241,SA,0.6964560862865947,0.019090428
100,1242,SA,0.6964560862865947,0.020178223
100,1243,SA,0.6964560862865947,0.02437318
100,1244,SA,0.6964560862865947,0.02293112
100,1245,SA,0.6964560862865947,0.021341382
100,1246,SA,0.6964560862865947,0.020032936
100,1247,SA,0.6964560862865947,0.021905138
100,1248,SA,0.6964560862865947,0.021261742
100,1249,SA,0.6964560862865947,0.017641501
100,1250,SA,0.6964560862865947,0.02078232
100,1251,SA,0.699537750385208,0.0196912
100,1252,SA,0.699537750385208,0.018474774
100,1253,SA,0.699537750385208,0.022317413
100,1254,SA,0.699537750385208,0.021585629
100,1255,SA,0.699537750385208,0.018458952
100,1256,SA,0.699537750385208,0.021544022
100,1257,SA,0.6964560862865947,0.020544404
100,1258,SA,0.6964560862865947,0.018295283
100,1259,SA,0.6964560862865947,0.019335637
100,1260,SA,0.6964560862865947,0.020267214
100,1261,SA,0.6964560862865947,0.023233588
100,1262,SA,0.6979969183359014,0.020244564
100,1263,SA,0.6979969183359014,0.019072456
100,1264,SA,0.6979969183359014,0.018139204
100,1265,SA,0.6979969183359014,0.021435834
100,1266,SA,0.6979969183359014,0.020938749
100,1267,SA,0.699537750385208,0.01837182
100,1268,SA,0.6979969183359014,0.019310735
100,1269,SA,0.6979969183359014,0.020564577
100,1270,SA,0.7026194144838213,0.019861851
100,1271,SA,0.7026194144838213,0.019343814
100,1272,SA,0.7026194144838213,0.020291007
100,1273,SA,0.699537750385208,0.019844561
100,1274,SA,0.699537750385208,0.020817817
100,1275,SA,0.699537750385208,0.019410253
100,1276,SA,0.7010785824345146,0.02053887
100,1277,SA,0.7026194144838213,0.021816215
100,1278,SA,0.7026194144838213,0.021170159
100,1279,SA,0.7026194144838213,0.020660347
100,1280,SA,0.7026194144838213,0.017752645
100,1281,SA,0.7026194144838213,0.018210879
100,1282,SA,0.7026194144838213,0.020994815
100,1283,SA,0.7026194144838213,0.019782437
100,1284,SA,0.7026194144838213,0.021440313
100,1285,SA,0.7026194144838213,0.020217087
100,1286,SA,0.7026194144838213,0.019251227
100,1287,SA,0.7026194144838213,0.017795918
100,1288,SA,0.7041602465331279,0.021461716
100,1289,SA,0.7041602465331279,0.017219017
100,1290,SA,0.7041602465331279,0.022746374
100,1291,SA,0.7041602465331279,0.02044294
100,1292,SA,0.7041602465331279,0.01889946
100,1293,SA,0.7041602465331279,0.021682618
100,1294,SA,0.7041602465331279,0.022889705
100,1295,SA,0.7041602465331279,0.017249956
100,1296,SA,0.7041602465331279,0.021642594
100,1297,SA,0.7041602465331279,0.019580045
100,1298,SA,0.7057010785824345,0.01992184
100,1299,SA,0.7057010785824345,0.020296768
100,1300,SA,0.7026194144838213,0.019148214
100,1301,SA,0.7026194144838213,0.020004994
100,1302,SA,0.7026194144838213,0.020514329
100,1303,SA,0.7026194144838213,0.019017023
100,1304,SA,0.7026194144838213,0.020803694
100,1305,SA,0.7026194144838213,0.021272526
100,1306,SA,0.7041602465331279,0.022275694
100,1307,SA,0.7041602465331279,0.019211039
100,1308,SA,0.7041602465331279,0.019448097
100,1309,SA,0.7041602465331279,0.022368918
100,1310,SA,0.7041602465331279,0.021421097
100,1311,SA,0.7041602465331279,0.018867723
100,1312,SA,0.7041602465331279,0.019774368
100,1313,SA,0.7041602465331279,0.02132891
100,1314,SA,0.7041602465331279,0.023365886
100,1315,SA,0.7041602465331279,0.018119633
100,1316,SA,0.7041602465331279,0.022205387
100,1317,SA,0.7041602465331279,0.019185244
100,1318,SA,0.7041602465331279,0.018175018
100,1319,SA,0.7057010785824345,0.021076033
100,1320,SA,0.7057010785824345,0.01873126
100,1321,SA,0.7057010785824345,0.017950053
100,1322,SA,0.7057010785824345,0.022317216
100,1323,SA,0.7057010785824345,0.020744558
100,1324,SA,0.7057010785824345,0.022722924
100,1325,SA,0.7057010785824345,0.01810385
100,1326,SA,0.7057010785824345,0.022070249
100,1327,SA,0.7057010785824345,0.019564348
100,1328,SA,0.7057010785824345,0.022169591
100,1329,SA,0.7057010785824345,0.021875178
100,1330,SA,0.7057010785824345,0.02064418
100,1331,SA,0.7057010785824345,0.019034796
100,1332,SA,0.7057010785824345,0.020250575
100,1333,SA,0.7057010785824345,0.022862718
100,1334,SA,0.7057010785824345,0.018099181
100,1335,SA,0.7057010785824345,0.018847507
100,1336,SA,0.7057010785824345,0.021182733
100,1337,SA,0.7057010785824345,0.019369456
100,1338,SA,0.7057010785824345,0.021485614
100,1339,SA,0.7057010785824345,0.019473963
100,1340,SA,0.7057010785824345,0.020531973
100,1341,SA,0.7057010785824345,0.019535656
100,1342,SA,0.7057010785824345,0.017665538
100,1343,SA,0.7057010785824345,0.01876893
100,1344,SA,0.7057010785824345,0.023250869
100,1345,SA,0.7057010785824345,0.020047166
100,1346,SA,0.7057010785824345,0.021461563
100,1347,SA,0.7057010785824345,0.021196982
100,1348,SA,0.7057010785824345,0.020589291
100,1349,SA,0.7072419106317411,0.018635946
100,1350,SA,0.7072419106317411,0.018900512
100,1351,SA,0.7072419106317411,0.021308094
100,1352,SA,0.7072419106317411,0.019409143
100,1353,SA,0.7072419106317411,0.02163798
100,1354,SA,0.7072419106317411,0.020383518
100,1355,SA,0.7072419106317411,0.021711289
100,1356,SA,0.7072419106317411,0.018749177
100,1357,SA,0.7072419106317411,0.021685692
100,1358,SA,0.7072419106317411,0.023466177
100,1359,SA,0.7072419106317411,0.019423665
100,1360,SA,0.7057010785824345,0.019671152
100,1361,SA,0.7057010785824345,0.021171454
100,1362,SA,0.7057010785824345,0.019520053
100,1363,SA,0.7041602465331279,0.019885532
100,1364,SA,0.7041602465331279,0.022113953
100,1365,SA,0.7041602465331279,0.020082488
100,1366,SA,0.7041602465331279,0.022859498
100,1367,SA,0.7041602465331279,0.022570101
100,1368,SA,0.7057010785824345,0.022904983
100,1369,SA,0.7057010785824345,0.018427554
100,1370,SA,0.7057010785824345,0.019395331
100,1371,SA,0.7057010785824345,0.018835309
100,1372,SA,0.7057010785824345,0.021399432
100,1373,SA,0.7057010785824345,0.020170183
100,1374,SA,0.7057010785824345,0.020477168
100,1375,SA,0.7057010785824345,0.017579262
100,1376,SA,0.7057010785824345,0.021889702
100,1377,SA,0.7057010785824345,0.018755363
100,1378,SA,0.7057010785824345,0.020872968
100,1379,SA,0.7057010785824345,0.020643158
100,1380,SA,0.7057010785824345,0.021150273
100,1381,SA,0.7057010785824345,0.020557935
100,1382,SA,0.7057010785824345,0.021009284
100,1383,SA,0.7057010785824345,0.019969118
100,1384,SA,0.7057010785824345,0.018871668
100,1385,SA,0.7057010785824345,0.020075554
100,1386,SA,0.7057010785824345,0.01956237
100,1387,SA,0.7057010785824345,0.019764194
100,1388,SA,0.7057010785824345,0.01951622
100,1389,SA,0.7057010785824345,0.019901523
100,1390,SA,0.7057010785824345,0.023108564
100,1391,SA,0.7057010785824345,0.019221727
100,1392,SA,0.7057010785824345,0.022961127
100,1393,SA,0.7057010785824345,0.021644646
100,1394,SA,0.7057010785824345,0.020048192
100,1395,SA,0.7057010785824345,0.019438169
100,1396,SA,0.7057010785824345,0.021508225
100,1397,SA,0.7057010785824345,0.019994691
100,1398,SA,0.7057010785824345,0.019846908
100,1399,SA,0.7057010785824345,0.022235233
100,1400,SA,0.7057010785824345,0.017676517
100,1401,SA,0.7057010785824345,0.022007671
100,1402,SA,0.7057010785824345,0.019459364
100,1403,SA,0.7057010785824345,0.022419453
100,1404,SA,0.7057010785824345,0.022387004
100,1405,SA,0.7057010785824345,0.021364548
100,1406,SA,0.7057010785824345,0.019863819
100,1407,SA,0.7057010785824345,0.02250831
100,1408,SA,0.7057010785824345,0.021997013
100,1409,SA,0.7057010785824345,0.01986074
100,1410,SA,0.7010785824345146,0.021720749
100,1411,SA,0.7010785824345146,0.019873762
100,1412,SA,0.7010785824345146,0.022251613
100,1413,SA,0.699537750385208,0.018913815
100,1414,SA,0.699537750385208,0.019828063
100,1415,SA,0.7010785824345146,0.020565376
100,1416,SA,0.7010785824345146,0.018434192
100,1417,SA,0.7010785824345146,0.021017755
100,1418,SA,0.7026194144838213,0.022757586
100,1419,SA,0.7026194144838213,0.021461605
100,1420,SA,0.7041602465331279,0.022723255
100,1421,SA,0.7087827426810478,0.018606916
100,1422,SA,0.7087827426810478,0.021638357
100,1423,SA,0.7087827426810478,0.018271269
100,1424,SA,0.7087827426810478,0.019673522
100,1425,SA,0.7087827426810478,0.019608999
100,1426,SA,0.7087827426810478,0.018928574
100,1427,SA,0.7087827426810478,0.018343778
100,1428,SA,0.7087827426810478,0.018246589
100,1429,SA,0.7087827426810478,0.01971564
100,1430,SA,0.7103235747303543,0.022780076
100,1431,SA,0.7103235747303543,0.020006059
100,1432,SA,0.7087827426810478,0.020852683
100,1433,SA,0.7087827426810478,0.018981493
100,1434,SA,0.7134052388289677,0.021687362
100,1435,SA,0.7134052388289677,0.02116925
100,1436,SA,0.7134052388289677,0.021403488
100,1437,SA,0.7134052388289677,0.01982101
100,1438,SA,0.7134052388289677,0.021923922
100,1439,SA,0.7134052388289677,0.019363144
100,1440,SA,0.7134052388289677,0.021254058
100,1441,SA,0.7134052388289677,0.022090122
100,1442,SA,0.7134052388289677,0.019097939
100,1443,SA,0.7134052388289677,0.020487679
100,1444,SA,0.7149460708782742,0.019204161
100,1445,SA,0.7103235747303543,0.022318109
100,1446,SA,0.7103235747303543,0.018086529
100,1447,SA,0.7103235747303543,0.021417605
100,1448,SA,0.7103235747303543,0.021551564
100,1449,SA,0.7103235747303543,0.020188526
100,1450,SA,0.7103235747303543,0.019806813
100,1451,SA,0.7103235747303543,0.021150642
100,1452,SA,0.7103235747303543,0.020724694
100,1453,SA,0.7103235747303543,0.023167547
100,1454,SA,0.7103235747303543,0.021623688
100,1455,SA,0.7103235747303543,0.021971024
100,1456,SA,0.7103235747303543,0.021548738
100,1457,SA,0.7087827426810478,0.021350946
100,1458,SA,0.7087827426810478,0.02139324
100,1459,SA,0.7087827426810478,0.021015076
100,1460,SA,0.7087827426810478,0.020570223
100,1461,SA,0.7087827426810478,0.022077789
100,1462,SA,0.7087827426810478,0.018569975
100,1463,SA,0.7087827426810478,0.017991666
100,1464,SA,0.7087827426810478,0.019135488
100,1465,SA,0.7087827426810478,0.019352174
100,1466,SA,0.7087827426810478,0.019583153
100,1467,SA,0.7087827426810478,0.022409229
100,1468,SA,0.7087827426810478,0.021977762
100,1469,SA,0.7087827426810478,0.022781269
100,1470,SA,0.7087827426810478,0.020028309
100,1471,SA,0.7087827426810478,0.018945785
100,1472,SA,0.7087827426810478,0.022191792
100,1473,SA,0.7087827426810478,0.020614292
100,1474,SA,0.7087827426810478,0.022363795
100,1475,SA,0.7072419106317411,0.019091105
100,1476,SA,0.7072419106317411,0.018767054
100,1477,SA,0.7072419106317411,0.021816847
100,1478,SA,0.7072419106317411,0.016959867
100,1479,SA,0.7072419106317411,0.02306531
100,1480,SA,0.7072419106317411,0.022016886
100,1481,SA,0.7087827426810478,0.021805566
100,1482,SA,0.7103235747303543,0.017964515
100,1483,SA,0.7103235747303543,0.018431351
100,1484,SA,0.711864406779661,0.020271895
100,1485,SA,0.711864406779661,0.016839875
100,1486,SA,0.711864406779661,0.024038104
100,1487,SA,0.711864406779661,0.022263227
100,1488,SA,0.711864406779661,0.021530792
100,1489,SA,0.711864406779661,0.019678443
100,1490,SA,0.7149460708782742,0.019341267
100,1491,SA,0.7103235747303543,0.020077454
100,1492,SA,0.7103235747303543,0.020477869
100,1493,SA,0.711864406779661,0.020207367
100,1494,SA,0.711864406779661,0.018123246
100,1495,SA,0.711864406779661,0.018105252
100,1496,SA,0.711864406779661,0.017123479
100,1497,SA,0.711864406779661,0.020904657
100,1498,SA,0.711864406779661,0.019461357
100,1499,SA,0.711864406779661,0.021143893
100,1500,SA,0.7103235747303543,0.018783635
100,1501,SA,0.7103235747303543,0.018256094
100,1502,SA,0.7103235747303543,0.022302454
100,1503,SA,0.7103235747303543,0.019229001
100,1504,SA,0.7134052388289677,0.022851065
100,1505,SA,0.7134052388289677,0.019416932
100,1506,SA,0.7134052388289677,0.020975829
100,1507,SA,0.7134052388289677,0.02040603
100,1508,SA,0.7134052388289677,0.020771637
100,1509,SA,0.7134052388289677,0.018929358
100,1510,SA,0.7134052388289677,0.018585757
100,1511,SA,0.7134052388289677,0.01913236
100,1512,SA,0.7134052388289677,0.018153953
100,1513,SA,0.7134052388289677,0.019030673
100,1514,SA,0.7134052388289677,0.019263895
100,1515,SA,0.7134052388289677,0.02000615
100,1516,SA,0.7134052388289677,0.019509212
100,1517,SA,0.7134052388289677,0.02074357
100,1518,SA,0.7134052388289677,0.018545085
100,1519,SA,0.7134052388289677,0.020618383
100,1520,SA,0.7134052388289677,0.019197127
100,1521,SA,0.7134052388289677,0.021946344
100,1522,SA,0.7134052388289677,0.020139048
100,1523,SA,0.7134052388289677,0.01711976
100,1524,SA,0.711864406779661,0.021238733
100,1525,SA,0.711864406779661,0.019711868
100,1526,SA,0.711864406779661,0.022174158
100,1527,SA,0.711864406779661,0.018188771
100,1528,SA,0.711864406779661,0.018906274
100,1529,SA,0.711864406779661,0.02065116
100,1530,SA,0.711864406779661,0.018804861
100,1531,SA,0.711864406779661,0.020145853
100,1532,SA,0.711864406779661,0.017984074
100,1533,SA,0.711864406779661,0.018751505
100,1534,SA,0.711864406779661,0.020007535
100,1535,SA,0.711864406779661,0.017250187
100,1536,SA,0.7103235747303543,0.018996785
100,1537,SA,0.7103235747303543,0.022404201
100,1538,SA,0.7103235747303543,0.021373694
100,1539,SA,0.7134052388289677,0.021089369
100,1540,SA,0.7134052388289677,0.019210683
100,1541,SA,0.7149460708782742,0.020008304
100,1542,SA,0.7164869029275809,0.018836154
100,1543,SA,0.7180277349768875,0.020427763
100,1544,SA,0.7180277349768875,0.020327105
100,1545,SA,0.7180277349768875,0.021459085
100,1546,SA,0.7180277349768875,0.021288019
100,1547,SA,0.7180277349768875,0.0221975
100,1548,SA,0.7180277349768875,0.021929531
100,1549,SA,0.7164869029275809,0.022882255
100,1550,SA,0.7164869029275809,0.02087716
100,1551,SA,0.7164869029275809,0.021660863
100,1552,SA,0.7180277349768875,0.021098989
100,1553,SA,0.7180277349768875,0.020799474
100,1554,SA,0.7180277349768875,0.018649302
100,1555,SA,0.7180277349768875,0.020661816
100,1556,SA,0.7180277349768875,0.020409457
100,1557,SA,0.7180277349768875,0.019587869
100,1558,SA,0.7195685670261941,0.02165121
100,1559,SA,0.7195685670261941,0.024159247
100,1560,SA,0.7195685670261941,0.020598209
100,1561,SA,0.7195685670261941,0.020443766
100,1562,SA,0.7180277349768875,0.021109498
100,1563,SA,0.7180277349768875,0.023230074
100,1564,SA,0.7180277349768875,0.019057971
100,1565,SA,0.7180277349768875,0.01949024
100,1566,SA,0.7180277349768875,0.021118673
100,1567,SA,0.7180277349768875,0.02374076
100,1568,SA,0.7180277349768875,0.019025468
100,1569,SA,0.7180277349768875,0.020645068
100,1570,SA,0.7180277349768875,0.022356523
100,1571,SA,0.7180277349768875,0.019787417
100,1572,SA,0.7180277349768875,0.02010451
100,1573,SA,0.7180277349768875,0.022787004
100,1574,SA,0.7180277349768875,0.020670772
100,1575,SA,0.7164869029275809,0.022657968
100,1576,SA,0.7164869029275809,0.019019107
100,1577,SA,0.7164869029275809,0.020130692
100,1578,SA,0.7164869029275809,0.020212139
100,1579,SA,0.7164869029275809,0.018782989
100,1580,SA,0.7164869029275809,0.020572973
100,1581,SA,0.7180277349768875,0.020852687
100,1582,SA,0.7180277349768875,0.018955614
100,1583,SA,0.7180277349768875,0.018476473
100,1584,SA,0.7180277349768875,0.020466775
100,1585,SA,0.7180277349768875,0.019979955
100,1586,SA,0.7180277349768875,0.022668666
100,1587,SA,0.7180277349768875,0.018918978
100,1588,SA,0.7180277349768875,0.017738338
100,1589,SA,0.7180277349768875,0.017679636
100,1590,SA,0.7180277349768875,0.019197554
100,1591,SA,0.7180277349768875,0.01918599
100,1592,SA,0.7180277349768875,0.018364102
100,1593,SA,0.7180277349768875,0.018717844
100,1594,SA,0.7180277349768875,0.025097918
100,1595,SA,0.7180277349768875,0.018833358
100,1596,SA,0.7195685670261941,0.019691441
100,1597,SA,0.7195685670261941,0.018685665
100,1598,SA,0.7180277349768875,0.018390181
100,1599,SA,0.7180277349768875,0.018237011
100,1600,SA,0.7180277349768875,0.019730058
100,1601,SA,0.7180277349768875,0.01755394
100,1602,SA,0.7180277349768875,0.017979576
100,1603,SA,0.7180277349768875,0.019436439
100,1604,SA,0.7180277349768875,0.018815529
100,1605,SA,0.7180277349768875,0.020409639
100,1606,SA,0.7180277349768875,0.018123523
100,1607,SA,0.7180277349768875,0.018948167
100,1608,SA,0.7180277349768875,0.023803735
100,1609,SA,0.7180277349768875,0.019930628
100,1610,SA,0.7180277349768875,0.024299079
100,1611,SA,0.7180277349768875,0.01969277
100,1612,SA,0.7180277349768875,0.020095077
100,1613,SA,0.7180277349768875,0.021929679
100,1614,SA,0.7180277349768875,0.02145922
100,1615,SA,0.7195685670261941,0.016549249
100,1616,SA,0.7195685670261941,0.018169126
100,1617,SA,0.7195685670261941,0.021192012
100,1618,SA,0.7195685670261941,0.02028871
100,1619,SA,0.7195685670261941,0.018704901
100,1620,SA,0.7195685670261941,0.019950629
100,1621,SA,0.7195685670261941,0.02194024
100,1622,SA,0.7211093990755008,0.020468701
100,1623,SA,0.7195685670261941,0.020002171
100,1624,SA,0.7195685670261941,0.019879922
100,1625,SA,0.7195685670261941,0.018843933
100,1626,SA,0.7195685670261941,0.018985954
100,1627,SA,0.7195685670261941,0.020787765
100,1628,SA,0.7195685670261941,0.022427127
100,1629,SA,0.7195685670261941,0.018957088
100,1630,SA,0.7195685670261941,0.020782333
100,1631,SA,0.7211093990755008,0.020299541
100,1632,SA,0.7180277349768875,0.021796836
100,1633,SA,0.7180277349768875,0.021008336
100,1634,SA,0.7180277349768875,0.021513435
100,1635,SA,0.7180277349768875,0.020803328
100,1636,SA,0.7180277349768875,0.018471602
100,1637,SA,0.7180277349768875,0.022133606
100,1638,SA,0.7180277349768875,0.022189202
100,1639,SA,0.7180277349768875,0.019842828
100,1640,SA,0.7195685670261941,0.01944328
100,1641,SA,0.7195685670261941,0.018559743
100,1642,SA,0.7195685670261941,0.020568014
100,1643,SA,0.7195685670261941,0.020037429
100,1644,SA,0.7180277349768875,0.019223015
100,1645,SA,0.7180277349768875,0.019290521
100,1646,SA,0.7180277349768875,0.019707723
100,1647,SA,0.7180277349768875,0.018910443
100,1648,SA,0.7180277349768875,0.020543699
100,1649,SA,0.7180277349768875,0.01945928
100,1650,SA,0.7180277349768875,0.018903661
100,1651,SA,0.7180277349768875,0.019069703
100,1652,SA,0.7180277349768875,0.021912187
100,1653,SA,0.7180277349768875,0.018397161
100,1654,SA,0.7149460708782742,0.021217701
100,1655,SA,0.7149460708782742,0.016609748
100,1656,SA,0.7149460708782742,0.021142224
100,1657,SA,0.7149460708782742,0.020031066
100,1658,SA,0.7149460708782742,0.022051779
100,1659,SA,0.7149460708782742,0.020874421
100,1660,SA,0.7149460708782742,0.020550419
100,1661,SA,0.7164869029275809,0.021518286
100,1662,SA,0.7164869029275809,0.01690375
100,1663,SA,0.7164869029275809,0.019894665
100,1664,SA,0.7164869029275809,0.023563841
100,1665,SA,0.7164869029275809,0.019078607
100,1666,SA,0.7149460708782742,0.023777286
100,1667,SA,0.7149460708782742,0.021543915
100,1668,SA,0.7180277349768875,0.022271641
100,1669,SA,0.7180277349768875,0.021741735
100,1670,SA,0.7180277349768875,0.021276447
100,1671,SA,0.7180277349768875,0.023163428
100,1672,SA,0.7180277349768875,0.020764775
100,1673,SA,0.7180277349768875,0.021449096
100,1674,SA,0.7211093990755008,0.021535481
100,1675,SA,0.7211093990755008,0.02131057
100,1676,SA,0.7211093990755008,0.019744774
100,1677,SA,0.7211093990755008,0.018132141
100,1678,SA,0.7211093990755008,0.019680501
100,1679,SA,0.7211093990755008,0.017774779
100,1680,SA,0.7211093990755008,0.021351679
100,1681,SA,0.7211093990755008,0.017727763
100,1682,SA,0.7211093990755008,0.021740916
100,1683,SA,0.7211093990755008,0.0218627
100,1684,SA,0.7180277349768875,0.0222857
100,1685,SA,0.7180277349768875,0.022602487
100,1686,SA,0.7180277349768875,0.021450532
100,1687,SA,0.7180277349768875,0.021922527
100,1688,SA,0.7180277349768875,0.019122787
100,1689,SA,0.7180277349768875,0.019172542
100,1690,SA,0.7180277349768875,0.01907642
100,1691,SA,0.7180277349768875,0.0195527
100,1692,SA,0.7195685670261941,0.020990908
100,1693,SA,0.7211093990755008,0.021234504
100,1694,SA,0.7211093990755008,0.023705987
100,1695,SA,0.7211093990755008,0.019087071
100,1696,SA,0.7211093990755008,0.020094858
100,1697,SA,0.7211093990755008,0.019514576
100,1698,SA,0.7211093990755008,0.020353049
100,1699,SA,0.7211093990755008,0.020169335
100,1700,SA,0.7211093990755008,0.01989444
100,1701,SA,0.7211093990755008,0.021019037
100,1702,SA,0.7195685670261941,0.021161739
100,1703,SA,0.7195685670261941,0.019671321
100,1704,SA,0.7195685670261941,0.019351288
100,1705,SA,0.7195685670261941,0.019265542
100,1706,SA,0.7195685670261941,0.022538598
100,1707,SA,0.7195685670261941,0.021412457
100,1708,SA,0.7195685670261941,0.020580278
100,1709,SA,0.7195685670261941,0.01940915
100,1710,SA,0.7180277349768875,0.023069684
100,1711,SA,0.7180277349768875,0.01933274
100,1712,SA,0.7180277349768875,0.018238676
100,1713,SA,0.7180277349768875,0.01931984
100,1714,SA,0.7180277349768875,0.020606432
100,1715,SA,0.7226502311248074,0.021592741
100,1716,SA,0.7226502311248074,0.018466347
100,1717,SA,0.7226502311248074,0.018895905
100,1718,SA,0.7226502311248074,0.019487085
100,1719,SA,0.7226502311248074,0.020314651
100,1720,SA,0.7226502311248074,0.016998765
100,1721,SA,0.7226502311248074,0.018718442
100,1722,SA,0.724191063174114,0.021748586
100,1723,SA,0.724191063174114,0.019251276
100,1724,SA,0.724191063174114,0.023405424
100,1725,SA,0.724191063174114,0.020743468
100,1726,SA,0.724191063174114,0.019708892
100,1727,SA,0.7195685670261941,0.022750434
100,1728,SA,0.7195685670261941,0.021034285
100,1729,SA,0.7195685670261941,0.018760385
100,1730,SA,0.7195685670261941,0.018054534
100,1731,SA,0.7195685670261941,0.020269905
100,1732,SA,0.7195685670261941,0.020010367
100,1733,SA,0.7195685670261941,0.019563796
100,1734,SA,0.7272727272727273,0.020263599
100,1735,SA,0.7272727272727273,0.021174528
100,1736,SA,0.7272727272727273,0.019835756
100,1737,SA,0.7272727272727273,0.020674523
100,1738,SA,0.7303543913713405,0.019338687
100,1739,SA,0.7303543913713405,0.022110329
100,1740,SA,0.7303543913713405,0.021618833
100,1741,SA,0.7303543913713405,0.019730572
100,1742,SA,0.7303543913713405,0.020276161
100,1743,SA,0.7303543913713405,0.018873887
100,1744,SA,0.7303543913713405,0.019570389
100,1745,SA,0.7303543913713405,0.018683138
100,1746,SA,0.7303543913713405,0.017495578
100,1747,SA,0.7303543913713405,0.020847052
100,1748,SA,0.7303543913713405,0.020181708
100,1749,SA,0.7303543913713405,0.019788709
100,1750,SA,0.7303543913713405,0.020678556
100,1751,SA,0.7303543913713405,0.021203929
100,1752,SA,0.7303543913713405,0.021375773
100,1753,SA,0.7303543913713405,0.020273868
100,1754,SA,0.7303543913713405,0.020523333
100,1755,SA,0.7303543913713405,0.021041716
100,1756,SA,0.7303543913713405,0.020719767
100,1757,SA,0.7303543913713405,0.019573329
100,1758,SA,0.7303543913713405,0.01857197
100,1759,SA,0.7318952234206472,0.01962002
100,1760,SA,0.7318952234206472,0.020944634
100,1761,SA,0.7318952234206472,0.020361252
100,1762,SA,0.7318952234206472,0.021461392
100,1763,SA,0.7318952234206472,0.019065938
100,1764,SA,0.7318952234206472,0.020863549
100,1765,SA,0.7318952234206472,0.019497434
100,1766,SA,0.7318952234206472,0.021375986
100,1767,SA,0.7318952234206472,0.020948516
100,1768,SA,0.7318952234206472,0.018636367
100,1769,SA,0.7318952234206472,0.018770852
100,1770,SA,0.7349768875192604,0.020189454
100,1771,SA,0.7349768875192604,0.019214817
100,1772,SA,0.7349768875192604,0.018921112
100,1773,SA,0.7349768875192604,0.019520931
100,1774,SA,0.7349768875192604,0.019497861
100,1775,SA,0.7349768875192604,0.021138393
100,1776,SA,0.7334360554699538,0.020908323
100,1777,SA,0.7334360554699538,0.021097157
100,1778,SA,0.7334360554699538,0.020436386
100,1779,SA,0.7334360554699538,0.020942271
100,1780,SA,0.7334360554699538,0.021514928
100,1781,SA,0.7334360554699538,0.021129078
100,1782,SA,0.7334360554699538,0.021589254
100,1783,SA,0.7334360554699538,0.019646652
100,1784,SA,0.7334360554699538,0.021995952
100,1785,SA,0.7334360554699538,0.019068851
100,1786,SA,0.7334360554699538,0.02254829
100,1787,SA,0.7334360554699538,0.020595043
100,1788,SA,0.7318952234206472,0.020562082
100,1789,SA,0.7318952234206472,0.020332467
100,1790,SA,0.7318952234206472,0.018334686
100,1791,SA,0.7318952234206472,0.021090975
100,1792,SA,0.7334360554699538,0.02011896
100,1793,SA,0.7334360554699538,0.022753424
100,1794,SA,0.7334360554699538,0.021162734
100,1795,SA,0.7334360554699538,0.018538286
100,1796,SA,0.736517719568567,0.018965185
100,1797,SA,0.736517719568567,0.021477519
100,1798,SA,0.736517719568567,0.021092995
100,1799,SA,0.736517719568567,0.021278888
100,1800,SA,0.736517719568567,0.01856586
100,1801,SA,0.736517719568567,0.021163796
100,1802,SA,0.736517719568567,0.021464953
100,1803,SA,0.736517719568567,0.021133387
100,1804,SA,0.736517719568567,0.018261052
100,1805,SA,0.736517719568567,0.018371477
100,1806,SA,0.736517719568567,0.021452923
100,1807,SA,0.7349768875192604,0.019103015
100,1808,SA,0.7349768875192604,0.020889335
100,1809,SA,0.7349768875192604,0.018945083
100,1810,SA,0.7349768875192604,0.018702137
100,1811,SA,0.7349768875192604,0.021293434
100,1812,SA,0.7349768875192604,0.024028464
100,1813,SA,0.7349768875192604,0.019553444
100,1814,SA,0.7349768875192604,0.021807424
100,1815,SA,0.7349768875192604,0.019624131
100,1816,SA,0.7349768875192604,0.023174844
100,1817,SA,0.7349768875192604,0.019904988
100,1818,SA,0.7349768875192604,0.021476873
100,1819,SA,0.7349768875192604,0.019867149
100,1820,SA,0.7349768875192604,0.020079712
100,1821,SA,0.7334360554699538,0.017570733
100,1822,SA,0.7334360554699538,0.020193601
100,1823,SA,0.7334360554699538,0.019088444
100,1824,SA,0.7334360554699538,0.018762724
100,1825,SA,0.7334360554699538,0.019636331
100,1826,SA,0.7334360554699538,0.020855503
100,1827,SA,0.7334360554699538,0.019623179
100,1828,SA,0.7334360554699538,0.023390551
100,1829,SA,0.7334360554699538,0.019649854
100,1830,SA,0.7334360554699538,0.019984883
100,1831,SA,0.7334360554699538,0.022033886
100,1832,SA,0.7334360554699538,0.01874004
100,1833,SA,0.7334360554699538,0.020844387
100,1834,SA,0.7334360554699538,0.019044443
100,1835,SA,0.7334360554699538,0.02180636
100,1836,SA,0.7411402157164869,0.022141294
100,1837,SA,0.7411402157164869,0.020359705
100,1838,SA,0.7411402157164869,0.019156467
100,1839,SA,0.7411402157164869,0.021145473
100,1840,SA,0.7411402157164869,0.01858509
100,1841,SA,0.7442218798151001,0.019430023
100,1842,SA,0.7426810477657936,0.02120627
100,1843,SA,0.7426810477657936,0.021367968
100,1844,SA,0.7411402157164869,0.018451146
100,1845,SA,0.7411402157164869,0.023045067
100,1846,SA,0.7426810477657936,0.019599837
100,1847,SA,0.7426810477657936,0.02189177
100,1848,SA,0.7426810477657936,0.018761996
100,1849,SA,0.7426810477657936,0.019819145
100,1850,SA,0.7426810477657936,0.019914849
100,1851,SA,0.7426810477657936,0.024230982
100,1852,SA,0.7395993836671803,0.021792852
100,1853,SA,0.7395993836671803,0.020808563
100,1854,SA,0.7395993836671803,0.022465131
100,1855,SA,0.7395993836671803,0.018763072
100,1856,SA,0.7395993836671803,0.019637382
100,1857,SA,0.7395993836671803,0.017804371
100,1858,SA,0.7411402157164869,0.021342967
100,1859,SA,0.7411402157164869,0.018901623
100,1860,SA,0.7395993836671803,0.018826029
100,1861,SA,0.7395993836671803,0.018391717
100,1862,SA,0.7395993836671803,0.023965917
100,1863,SA,0.7395993836671803,0.021115144
100,1864,SA,0.7395993836671803,0.022068768
100,1865,SA,0.7395993836671803,0.020619497
100,1866,SA,0.7395993836671803,0.021407015
100,1867,SA,0.7395993836671803,0.018680333
100,1868,SA,0.7395993836671803,0.020372775
100,1869,SA,0.7395993836671803,0.018214243
100,1870,SA,0.7395993836671803,0.020021981
100,1871,SA,0.7395993836671803,0.020873446
100,1872,SA,0.7395993836671803,0.021671716
100,1873,SA,0.7395993836671803,0.019016759
100,1874,SA,0.7411402157164869,0.020461807
100,1875,SA,0.7411402157164869,0.021542994
100,1876,SA,0.7411402157164869,0.018884973
100,1877,SA,0.7411402157164869,0.019069573
100,1878,SA,0.7411402157164869,0.018285469
100,1879,SA,0.7411402157164869,0.021364856
100,1880,SA,0.7411402157164869,0.019510139
100,1881,SA,0.7411402157164869,0.019893901
100,1882,SA,0.7411402157164869,0.021247898
100,1883,SA,0.7426810477657936,0.017219113
100,1884,SA,0.7426810477657936,0.02118013
100,1885,SA,0.7426810477657936,0.020545242
100,1886,SA,0.7426810477657936,0.021487426
100,1887,SA,0.7426810477657936,0.019697474
100,1888,SA,0.7426810477657936,0.020955127
100,1889,SA,0.7426810477657936,0.018260502
100,1890,SA,0.7426810477657936,0.021759878
100,1891,SA,0.7426810477657936,0.019362256
100,1892,SA,0.7426810477657936,0.022665309
100,1893,SA,0.7426810477657936,0.019287885
100,1894,SA,0.7426810477657936,0.02224721
100,1895,SA,0.7380585516178737,0.019674134
100,1896,SA,0.7380585516178737,0.016683884
100,1897,SA,0.7380585516178737,0.021885753
100,1898,SA,0.7380585516178737,0.021301447
100,1899,SA,0.7411402157164869,0.020706198
100,1900,SA,0.7411402157164869,0.02365241
100,1901,SA,0.7411402157164869,0.021432528
100,1902,SA,0.7411402157164869,0.019458483
100,1903,SA,0.7411402157164869,0.020045253
100,1904,SA,0.7411402157164869,0.022553084
100,1905,SA,0.7411402157164869,0.021546092
100,1906,SA,0.7473035439137135,0.020668812
100,1907,SA,0.7457627118644068,0.018483977
100,1908,SA,0.7457627118644068,0.021066163
100,1909,SA,0.7457627118644068,0.020177918
100,1910,SA,0.7457627118644068,0.021450112
100,1911,SA,0.7457627118644068,0.020886339
100,1912,SA,0.7457627118644068,0.020872901
100,1913,SA,0.7457627118644068,0.020238418
100,1914,SA,0.7457627118644068,0.023223666
100,1915,SA,0.7457627118644068,0.018155808
100,1916,SA,0.7457627118644068,0.019693693
100,1917,SA,0.7473035439137135,0.019446795
100,1918,SA,0.7473035439137135,0.020362547
100,1919,SA,0.7473035439137135,0.022295014
100,1920,SA,0.7473035439137135,0.020281493
100,1921,SA,0.7473035439137135,0.020993441
100,1922,SA,0.7473035439137135,0.018587172
100,1923,SA,0.7473035439137135,0.019207785
100,1924,SA,0.7473035439137135,0.021941912
100,1925,SA,0.7473035439137135,0.020935704
100,1926,SA,0.7473035439137135,0.019612111
100,1927,SA,0.7473035439137135,0.019669586
100,1928,SA,0.7473035439137135,0.024590115
100,1929,SA,0.7473035439137135,0.021389357
100,1930,SA,0.7473035439137135,0.018399348
100,1931,SA,0.7473035439137135,0.019245916
100,1932,SA,0.7473035439137135,0.019341103
100,1933,SA,0.7473035439137135,0.019437283
100,1934,SA,0.7473035439137135,0.020820173
100,1935,SA,0.7473035439137135,0.020670508
100,1936,SA,0.7473035439137135,0.018473369
100,1937,SA,0.7473035439137135,0.020355494
100,1938,SA,0.7473035439137135,0.01905225
100,1939,SA,0.7473035439137135,0.02083805
100,1940,SA,0.7473035439137135,0.01828359
100,1941,SA,0.7473035439137135,0.019256473
100,1942,SA,0.7473035439137135,0.023078911
100,1943,SA,0.7473035439137135,0.020082985
100,1944,SA,0.7473035439137135,0.019782254
100,1945,SA,0.7473035439137135,0.018449103
100,1946,SA,0.7473035439137135,0.020312562
100,1947,SA,0.7473035439137135,0.019398869
100,1948,SA,0.7473035439137135,0.019275277
100,1949,SA,0.7473035439137135,0.019417986
100,1950,SA,0.7473035439137135,0.01822844
100,1951,SA,0.7473035439137135,0.02137241
100,1952,SA,0.7473035439137135,0.019604216
100,1953,SA,0.7473035439137135,0.022188291
100,1954,SA,0.7473035439137135,0.019484609
100,1955,SA,0.7473035439137135,0.019240131
100,1956,SA,0.7473035439137135,0.018685918
100,1957,SA,0.7473035439137135,0.019017118
100,1958,SA,0.7473035439137135,0.019800225
100,1959,SA,0.7473035439137135,0.018879367
100,1960,SA,0.7473035439137135,0.021939136
100,1961,SA,0.7473035439137135,0.019607426
100,1962,SA,0.7473035439137135,0.019808662
100,1963,SA,0.7473035439137135,0.018856279
100,1964,SA,0.7473035439137135,0.019092437
100,1965,SA,0.7473035439137135,0.020380006
100,1966,SA,0.7473035439137135,0.020828341
100,1967,SA,0.7473035439137135,0.02157008
100,1968,SA,0.7473035439137135,0.019337978
100,1969,SA,0.7473035439137135,0.018694111
100,1970,SA,0.7473035439137135,0.019118617
100,1971,SA,0.7473035439137135,0.019063979
100,1972,SA,0.7473035439137135,0.018144828
100,1973,SA,0.7473035439137135,0.022440945
100,1974,SA,0.7473035439137135,0.020183925
100,1975,SA,0.7473035439137135,0.019981477
100,1976,SA,0.7473035439137135,0.018592085
100,1977,SA,0.7473035439137135,0.021195342
100,1978,SA,0.7473035439137135,0.020958575
100,1979,SA,0.7473035439137135,0.022407682
100,1980,SA,0.7473035439137135,0.020745333
100,1981,SA,0.74884437596302,0.019712785
100,1982,SA,0.74884437596302,0.017851891
100,1983,SA,0.74884437596302,0.020403266
100,1984,SA,0.74884437596302,0.018240522
100,1985,SA,0.74884437596302,0.017984167
100,1986,SA,0.74884437596302,0.021444462
100,1987,SA,0.74884437596302,0.017573985
100,1988,SA,0.74884437596302,0.021467933
100,1989,SA,0.74884437596302,0.017474365
100,1990,SA,0.74884437596302,0.020526454
100,1991,SA,0.74884437596302,0.020864125
100,1992,SA,0.74884437596302,0.021243156
100,1993,SA,0.7473035439137135,0.021689077
100,1994,SA,0.7473035439137135,0.019491207
100,1995,SA,0.7473035439137135,0.021051592
100,1996,SA,0.7473035439137135,0.020083165
100,1997,SA,0.7473035439137135,0.01977117
100,1998,SA,0.7473035439137135,0.022194823
100,1999,SA,0.7473035439137135,0.022035873
100,2000,SA,0.7473035439137135,0.019442479